221.127.70.219,HK,26122020
176.105.4.217,UA,26122020
190.218.159.116,PA,26122020
58.153.75.87,HK,26122020
138.75.225.64,SG,26122020
219.73.83.45,HK,26122020
119.69.171.69,KR,26122020
219.79.157.205,HK,26122020
112.185.50.181,KR,26122020
42.3.7.189,HK,26122020
27.2.34.21,VN,26122020
221.149.169.171,KR,26122020
116.48.86.74,HK,26122020
107.184.126.98,US,26122020
116.88.62.12,SG,26122020
219.78.107.9,HK,26122020
58.153.73.103,HK,26122020
219.79.251.208,HK,26122020
191.12.39.214,BR,26122020
213.118.159.247,BE,26122020
27.2.150.9,VN,26122020
84.71.124.24,GB,26122020
186.90.75.125,VE,26122020
191.162.122.206,BR,26122020
186.55.181.121,UY,26122020
182.237.102.243,KR,26122020
218.250.118.74,HK,26122020
125.231.166.81,TW,26122020
115.20.191.191,KR,26122020
201.210.133.185,VE,26122020
58.235.246.168,KR,26122020
118.233.195.248,TW,26122020
111.67.50.203,TW,26122020
191.220.30.206,BR,26122020
223.18.233.182,HK,26122020
223.16.196.127,HK,26122020
121.167.220.80,KR,26122020
1.171.218.95,TW,26122020
42.98.149.22,HK,26122020
121.167.165.253,KR,26122020
60.246.174.61,MO,26122020
119.236.177.133,HK,26122020
223.17.156.197,HK,26122020
116.49.122.86,HK,26122020
95.132.138.71,UA,26122020
78.30.194.234,UA,26122020
83.252.8.27,SE,26122020
181.160.16.38,CL,26122020
112.15.119.241,CN,26122020
114.44.127.247,TW,26122020
24.212.26.172,CA,26122020
58.153.249.200,HK,26122020
175.203.180.232,KR,26122020
99.232.187.97,CA,26122020
95.71.193.142,RU,26122020
174.93.88.45,CA,26122020
201.243.202.115,VE,26122020
125.137.134.169,KR,26122020
190.72.204.47,VE,26122020
117.146.51.230,CN,26122020
77.41.98.79,RU,26122020
219.77.186.215,HK,26122020
84.216.31.31,SE,26122020
181.197.89.104,PA,26122020
219.73.51.49,HK,26122020
116.49.75.181,HK,26122020
85.169.240.191,FR,26122020
36.239.45.60,TW,26122020
5.105.236.233,UA,26122020
113.253.175.235,HK,26122020
191.28.28.109,BR,26122020
46.119.66.201,UA,26122020
186.91.110.115,VE,26122020
207.191.250.67,LC,26122020
122.118.32.84,TW,26122020
59.10.144.78,KR,26122020
219.78.24.155,HK,26122020
190.36.127.33,VE,26122020
121.183.12.110,KR,26122020
119.236.76.30,HK,26122020
218.102.66.205,HK,26122020
58.153.247.62,HK,26122020
59.24.180.53,KR,26122020
1.65.185.252,HK,26122020
118.169.157.1,TW,26122020
219.77.157.161,HK,26122020
112.118.172.230,HK,26122020
200.153.216.71,BR,26122020
112.228.192.45,CN,26122020
177.126.230.32,BR,26122020
183.162.230.107,CN,26122020
203.228.13.68,KR,26122020
68.198.150.167,US,26122020
37.229.41.111,UA,26122020
46.200.67.251,UA,26122020
104.221.110.132,CA,26122020
46.173.80.60,RU,26122020
177.143.68.191,BR,26122020
112.197.139.105,VN,26122020
223.17.1.224,HK,26122020
219.77.29.21,HK,26122020
223.13.30.161,CN,26122020
219.79.177.167,HK,26122020
181.160.2.234,CL,26122020
117.146.55.221,CN,26122020
78.85.48.135,RU,26122020
112.118.253.88,HK,26122020
181.226.50.188,CL,26122020
218.150.132.141,KR,26122020
190.32.112.15,PA,26122020
45.58.102.90,CA,26122020
121.168.30.94,KR,26122020
181.160.26.105,CL,26122020
181.163.92.195,CL,26122020
1.64.142.40,HK,26122020
219.79.42.66,HK,26122020
117.146.52.57,CN,26122020
77.121.208.13,UA,26122020
114.226.55.138,CN,26122020
201.248.21.204,VE,26122020
142.113.162.160,CA,26122020
121.164.44.95,KR,26122020
219.79.77.180,HK,26122020
42.2.43.127,HK,26122020
78.240.123.181,FR,26122020
64.121.48.92,US,26122020
100.120.170.156,,26122020
179.97.206.22,BR,26122020
186.89.13.97,VE,26122020
123.0.193.170,TW,26122020
5.248.117.184,UA,26122020
94.53.249.141,RO,26122020
175.204.18.74,KR,26122020
110.47.227.8,KR,26122020
190.79.27.4,VE,26122020
223.16.59.228,HK,26122020
27.3.73.233,VN,26122020
84.232.93.219,ES,26122020
177.136.212.241,BR,26122020
183.230.248.91,CN,26122020
125.224.86.72,TW,26122020
112.197.212.5,VN,26122020
222.96.201.79,KR,26122020
198.52.184.27,CA,26122020
220.92.197.7,KR,26122020
179.198.252.52,BR,26122020
177.55.142.154,BR,26122020
190.219.136.181,PA,26122020
109.171.100.7,RU,26122020
119.236.158.39,HK,26122020
109.239.28.18,AZ,26122020
95.43.54.240,BG,26122020
5.48.161.27,FR,26122020
115.136.197.87,KR,26122020
186.179.122.26,PA,26122020
203.222.12.241,TW,26122020
37.252.1.216,RU,26122020
123.240.117.22,TW,26122020
116.120.85.212,KR,26122020
98.25.186.152,US,26122020
223.17.1.165,HK,26122020
36.153.182.234,CN,26122020
24.222.99.163,CA,26122020
27.2.144.212,VN,26122020
193.138.61.179,SI,26122020
218.250.145.210,HK,26122020
213.111.122.118,UA,26122020
193.138.49.197,SI,26122020
1.64.229.245,HK,26122020
167.60.203.203,UY,26122020
90.225.23.236,SE,26122020
218.212.91.158,SG,26122020
130.255.129.139,UA,26122020
181.160.0.85,CL,26122020
181.198.133.18,EC,26122020
77.246.250.233,UA,26122020
121.138.137.195,KR,26122020
99.226.201.118,CA,26122020
84.240.53.126,LT,26122020
24.212.117.18,CA,26122020
112.15.119.242,CN,26122020
118.170.234.147,TW,26122020
91.126.46.114,ES,26122020
39.122.246.220,KR,26122020
220.70.207.101,KR,26122020
182.155.91.195,TW,26122020
191.27.15.196,BR,26122020
218.252.189.127,HK,26122020
220.119.199.191,KR,26122020
90.49.68.29,FR,26122020
112.164.215.81,KR,26122020
89.161.47.23,PL,26122020
58.153.191.31,HK,26122020
223.16.213.207,HK,26122020
112.164.215.147,KR,26122020
185.27.234.82,SE,26122020
83.251.50.54,SE,26122020
104.35.33.50,US,26122020
119.237.182.176,HK,26122020
117.146.51.219,CN,26122020
178.95.255.104,UA,26122020
46.201.12.128,UA,26122020
201.17.153.8,BR,26122020
219.85.102.203,TW,26122020
42.2.110.218,HK,26122020
110.182.249.110,CN,26122020
78.30.238.14,UA,26122020
219.73.118.120,HK,26122020
46.47.88.63,BG,26122020
81.198.154.164,LV,26122020
119.236.108.81,HK,26122020
223.18.138.201,HK,26122020
113.254.251.163,HK,26122020
123.13.214.215,CN,26122020
112.118.19.182,HK,26122020
58.96.195.198,SG,26122020
219.79.4.184,HK,26122020
42.2.184.211,HK,26122020
223.221.161.164,CN,26122020
42.98.109.148,HK,26122020
92.49.155.213,RU,26122020
219.78.116.111,HK,26122020
119.237.46.77,HK,26122020
42.2.174.113,HK,26122020
91.126.234.74,ES,26122020
181.160.6.41,CL,26122020
58.114.185.46,TW,26122020
1.36.236.115,HK,26122020
219.79.115.240,HK,26122020
125.59.29.253,HK,26122020
72.131.85.70,US,26122020
113.74.255.5,CN,26122020
79.140.119.213,DE,26122020
116.48.97.34,HK,26122020
83.252.11.166,SE,26122020
201.186.241.166,CL,26122020
179.247.42.31,BR,26122020
61.18.164.28,HK,26122020
173.252.13.18,CA,26122020
112.119.184.87,HK,26122020
14.35.253.6,KR,26122020
179.231.187.41,BR,26122020
223.16.7.124,HK,26122020
188.239.111.113,UA,26122020
219.77.11.132,HK,26122020
110.182.249.181,CN,26122020
211.193.65.116,KR,26122020
84.238.116.190,DK,26122020
31.132.92.77,KZ,26122020
223.13.27.85,CN,26122020
59.149.12.224,HK,26122020
155.4.203.178,SE,26122020
125.231.86.52,TW,26122020
61.4.42.143,HK,26122020
219.78.95.86,HK,26122020
179.231.190.225,BR,26122020
117.146.55.42,CN,26122020
78.85.187.248,RU,26122020
87.123.125.212,DE,26122020
37.229.141.180,UA,26122020
183.162.224.40,CN,26122020
218.250.116.215,HK,26122020
220.246.132.136,HK,26122020
177.107.83.15,BR,26122020
218.39.243.11,KR,26122020
66.111.41.28,CA,26122020
218.250.241.58,HK,26122020
175.200.215.172,KR,26122020
5.20.97.146,LT,26122020
219.79.71.156,HK,26122020
27.117.247.228,KR,26122020
89.205.80.70,MK,26122020
122.118.8.25,TW,26122020
121.55.247.20,GU,26122020
119.237.60.188,HK,26122020
212.90.124.125,UA,26122020
219.73.35.24,HK,26122020
58.153.178.77,HK,26122020
1.65.217.12,HK,26122020
203.218.172.172,HK,26122020
190.141.61.113,PA,26122020
61.223.16.87,TW,26122020
185.65.231.126,BA,26122020
213.67.28.74,SE,26122020
190.217.139.184,CL,26122020
121.169.66.125,KR,26122020
191.212.199.6,BR,26122020
83.254.102.32,SE,26122020
116.121.83.216,KR,26122020
181.160.19.31,CL,26122020
86.57.143.32,BY,26122020
31.202.216.191,UA,26122020
113.254.237.225,HK,26122020
46.118.139.93,UA,26122020
78.84.81.117,LV,26122020
213.103.131.26,SE,26122020
113.253.21.64,HK,26122020
85.95.219.82,FR,26122020
219.79.8.70,HK,26122020
27.96.248.130,TW,26122020
117.146.53.205,CN,26122020
1.65.130.103,HK,26122020
77.224.17.223,ES,26122020
119.236.171.90,HK,26122020
5.58.173.89,UA,26122020
168.126.8.89,KR,26122020
14.45.96.155,KR,26122020
203.222.1.38,TW,26122020
2.82.134.129,PT,26122020
223.18.45.124,HK,26122020
222.119.27.170,KR,26122020
190.199.81.42,VE,26122020
191.208.97.253,BR,26122020
121.142.217.221,KR,26122020
181.198.209.238,EC,26122020
87.225.17.47,RU,26122020
186.68.193.83,EC,26122020
175.182.39.58,TW,26122020
223.17.86.235,HK,26122020
59.10.242.238,KR,26122020
78.30.204.216,UA,26122020
82.64.244.98,FR,26122020
219.78.4.10,HK,26122020
187.55.118.121,BR,26122020
175.204.149.119,KR,26122020
101.99.90.240,MY,26122020
114.39.167.105,TW,26122020
83.209.175.98,SE,26122020
218.164.201.201,TW,26122020
1.11.240.193,KR,26122020
114.41.160.247,TW,26122020
37.139.101.105,UA,26122020
182.155.73.42,TW,26122020
41.157.33.223,ZA,26122020
1.36.211.70,HK,26122020
178.92.247.206,UA,26122020
87.225.17.42,RU,26122020
61.224.187.188,TW,26122020
112.172.21.196,KR,26122020
188.112.163.255,LV,26122020
219.77.217.215,HK,26122020
179.85.116.99,BR,26122020
212.225.139.108,ES,26122020
83.219.217.65,SE,26122020
113.254.229.97,HK,26122020
220.92.197.25,KR,26122020
115.43.157.43,TW,26122020
87.225.17.36,RU,26122020
5.79.227.96,RU,26122020
83.248.181.152,SE,26122020
111.33.61.54,CN,26122020
39.119.49.63,KR,26122020
183.109.102.171,KR,26122020
218.173.86.20,TW,26122020
167.57.173.50,UY,26122020
199.71.62.178,CA,26122020
46.173.73.104,RU,26122020
1.65.134.45,HK,26122020
42.2.152.184,HK,26122020
122.121.160.198,TW,26122020
222.119.58.92,KR,26122020
80.14.228.119,FR,26122020
81.227.75.165,SE,26122020
211.216.132.139,KR,26122020
117.146.55.131,CN,26122020
218.250.15.214,HK,26122020
181.162.18.74,CL,26122020
198.84.136.62,CA,26122020
112.157.130.85,KR,26122020
121.140.124.9,KR,26122020
181.160.29.92,CL,26122020
113.253.138.169,HK,26122020
61.74.187.134,KR,26122020
122.121.123.189,TW,26122020
119.203.53.210,KR,26122020
183.162.224.42,CN,26122020
121.66.176.156,KR,26122020
116.49.239.60,HK,26122020
91.126.200.150,ES,26122020
42.3.81.223,HK,26122020
85.29.169.178,KZ,26122020
113.253.159.48,HK,26122020
175.208.175.9,KR,26122020
114.38.78.102,TW,26122020
78.68.231.226,SE,26122020
45.9.148.194,CH,26122020
218.250.201.184,HK,26122020
216.151.180.16,,26122020
112.118.0.80,HK,26122020
221.124.86.33,HK,26122020
78.30.236.147,UA,26122020
176.107.197.195,UA,26122020
87.225.17.43,RU,26122020
110.182.226.84,CN,26122020
219.78.127.40,HK,26122020
173.213.87.46,US,26122020
122.193.78.98,CN,26122020
222.104.66.4,KR,26122020
118.36.190.153,KR,26122020
177.51.145.7,BR,26122020
181.160.11.40,CL,26122020
113.254.128.60,HK,26122020
46.1.128.231,TR,26122020
91.167.31.22,FR,26122020
27.2.145.116,VN,26122020
220.92.197.26,KR,26122020
42.2.128.5,HK,26122020
176.85.90.148,ES,26122020
201.79.79.58,BR,26122020
218.102.109.60,HK,26122020
222.164.36.227,SG,26122020
223.17.100.191,HK,26122020
46.173.94.100,RU,26122020
58.153.163.92,HK,26122020
112.197.215.124,VN,26122020
59.23.45.178,KR,26122020
83.254.238.236,SE,26122020
218.148.197.220,KR,26122020
89.212.102.89,SI,26122020
1.173.142.210,TW,26122020
181.160.4.79,CL,26122020
77.122.113.69,UA,26122020
91.241.184.217,UA,26122020
181.163.71.103,CL,26122020
219.79.76.47,HK,26122020
46.109.85.72,LV,26122020
187.117.133.36,BR,26122020
119.237.72.34,HK,26122020
182.155.43.230,TW,26122020
213.119.28.95,BE,26122020
221.167.228.128,KR,26122020
210.105.135.104,KR,26122020
116.48.109.251,HK,26122020
177.102.197.62,BR,26122020
192.71.201.55,US,26122020
1.36.165.79,HK,26122020
27.1.244.11,KR,26122020
152.136.96.25,CN,26122020
1.65.210.176,HK,26122020
70.44.131.141,US,26122020
108.168.66.206,CA,26122020
219.78.6.214,HK,26122020
91.126.238.74,ES,26122020
113.254.224.12,HK,26122020
201.218.121.190,PA,26122020
168.70.92.24,HK,26122020
182.155.60.207,TW,26122020
179.227.151.75,BR,26122020
177.129.251.215,BR,26122020
24.225.138.43,CA,26122020
201.211.219.32,VE,26122020
87.13.200.45,IT,26122020
95.220.58.211,RU,26122020
83.255.215.180,SE,26122020
194.154.147.30,CY,26122020
62.212.40.64,GE,26122020
218.102.237.39,HK,26122020
100.73.104.54,,26122020
119.205.110.124,KR,26122020
82.42.183.52,GB,26122020
202.166.34.145,SG,26122020
185.228.153.129,ES,26122020
222.100.190.163,KR,26122020
223.18.38.10,HK,26122020
58.152.130.225,HK,26122020
125.139.137.237,KR,26122020
175.200.222.187,KR,26122020
117.146.55.116,CN,26122020
101.99.95.146,MY,26122020
1.64.71.104,HK,26122020
93.76.234.174,UA,26122020
117.146.55.165,CN,26122020
181.160.14.29,CL,26122020
124.246.156.222,JP,26122020
189.13.229.209,BR,26122020
220.76.101.121,KR,26122020
173.195.15.203,US,26122020
83.135.210.172,DE,26122020
59.3.217.146,KR,26122020
218.166.24.65,TW,26122020
167.60.222.69,UY,26122020
46.0.12.63,RU,26122020
91.136.179.211,DE,26122020
47.234.240.228,US,26122020
221.179.87.170,CN,26122020
5.188.244.197,KZ,26122020
177.213.222.55,BR,26122020
78.82.171.29,SE,26122020
121.135.10.221,KR,26122020
82.65.166.126,FR,26122020
218.102.237.137,HK,26122020
116.48.60.218,HK,26122020
61.77.94.56,KR,26122020
223.17.42.193,HK,26122020
188.190.83.252,UA,26122020
58.153.68.130,HK,26122020
167.57.193.20,UY,26122020
190.39.74.133,VE,26122020
175.182.177.203,TW,26122020
223.17.93.211,HK,26122020
27.2.151.177,VN,26122020
84.237.129.215,LV,26122020
211.80.81.2,CN,26122020
112.118.58.135,HK,26122020
85.29.178.152,KZ,26122020
220.70.76.178,KR,26122020
201.95.160.88,BR,26122020
93.103.229.177,SI,26122020
83.233.87.38,SE,26122020
93.103.182.98,SI,26122020
188.148.179.198,NO,26122020
73.150.130.139,US,26122020
202.168.78.238,MY,26122020
119.237.151.25,HK,26122020
149.34.20.140,ES,26122020
87.225.17.35,RU,26122020
75.183.53.85,US,26122020
222.114.92.97,KR,26122020
182.155.217.58,TW,26122020
146.56.203.75,CN,26122020
213.251.206.40,UA,26122020
112.120.245.47,HK,26122020
188.68.10.7,RU,26122020
190.141.114.67,PA,26122020
117.146.54.5,CN,26122020
180.113.99.236,CN,26122020
114.26.193.147,TW,26122020
118.140.250.2,HK,26122020
23.241.122.241,US,26122020
71.91.153.128,US,26122020
112.118.189.217,HK,26122020
181.160.29.11,CL,26122020
211.187.11.211,KR,26122020
125.230.35.219,TW,26122020
190.219.91.87,PA,26122020
31.31.28.185,MD,26122020
170.245.179.109,BR,26122020
223.17.60.99,HK,26122020
221.124.47.46,HK,26122020
125.137.150.148,KR,26122020
46.173.64.133,RU,26122020
219.78.125.212,HK,26122020
37.13.44.131,ES,26122020
182.91.124.31,CN,26122020
74.73.125.72,US,26122020
210.90.159.136,KR,26122020
218.102.128.140,HK,26122020
64.145.65.246,US,26122020
178.151.73.169,UA,26122020
219.78.79.196,HK,26122020
121.183.124.164,KR,26122020
190.141.162.158,PA,26122020
121.178.166.252,KR,26122020
50.107.141.202,US,26122020
188.148.149.123,NO,26122020
42.2.19.196,HK,26122020
91.201.217.125,KZ,26122020
189.28.190.244,BR,26122020
14.42.163.26,KR,26122020
183.162.224.51,CN,26122020
123.240.185.195,TW,26122020
1.64.203.75,HK,26122020
167.60.223.25,UY,26122020
119.237.98.180,HK,26122020
118.168.223.85,TW,26122020
219.79.251.237,HK,26122020
147.75.195.153,FR,26122020
185.143.217.55,NO,26122020
176.10.252.27,SE,26122020
46.173.79.132,RU,26122020
82.250.174.174,FR,26122020
51.15.164.57,FR,26122020
75.183.45.171,US,26122020
207.38.59.20,CA,26122020
173.245.203.129,US,26122020
116.87.122.22,SG,26122020
188.151.3.39,SE,26122020
107.179.198.88,CA,26122020
117.146.53.251,CN,26122020
78.30.227.228,UA,26122020
66.103.51.186,CA,26122020
161.81.172.10,US,26122020
113.252.14.6,HK,26122020
58.239.168.199,KR,26122020
220.143.66.108,TW,26122020
219.71.174.100,TW,26122020
93.156.57.153,ES,26122020
190.38.184.32,VE,26122020
181.162.74.141,CL,26122020
116.86.77.40,SG,26122020
82.65.10.212,FR,26122020
219.73.34.164,HK,26122020
122.193.78.230,CN,26122020
46.173.85.167,RU,26122020
191.215.184.76,BR,26122020
190.140.142.86,PA,26122020
58.153.178.180,HK,26122020
89.163.247.160,DE,26122020
219.79.65.19,HK,26122020
46.173.93.227,RU,26122020
83.209.184.159,SE,26122020
46.216.55.99,BY,26122020
183.162.224.48,CN,26122020
221.124.33.80,HK,26122020
119.236.231.244,HK,26122020
14.43.116.117,KR,26122020
182.155.250.83,TW,26122020
218.102.123.10,HK,26122020
185.236.42.123,SE,26122020
82.117.100.117,SE,26122020
223.19.138.34,HK,26122020
221.124.157.190,HK,26122020
42.2.148.18,HK,26122020
77.121.241.104,UA,26122020
118.45.235.83,KR,26122020
46.172.142.170,UA,26122020
112.119.58.38,HK,26122020
181.226.34.237,CL,26122020
176.116.58.83,RU,26122020
110.15.38.163,KR,26122020
203.251.141.127,KR,26122020
90.230.190.92,SE,26122020
89.212.55.62,SI,26122020
149.202.41.25,FR,26122020
223.16.85.150,HK,26122020
61.223.148.38,TW,26122020
205.185.214.106,US,26122020
69.162.245.144,US,26122020
78.137.24.68,UA,26122020
168.70.114.51,HK,26122020
149.34.6.38,ES,26122020
121.163.148.33,KR,26122020
113.252.223.78,HK,26122020
121.132.162.181,KR,26122020
111.253.49.30,TW,26122020
112.119.253.170,HK,26122020
125.230.129.249,TW,26122020
114.25.43.172,TW,26122020
218.103.137.19,HK,26122020
188.148.149.239,NO,26122020
181.226.154.111,CL,26122020
190.218.219.236,PA,26122020
186.70.244.246,EC,26122020
14.42.163.196,KR,26122020
24.231.13.80,CA,26122020
36.232.49.194,TW,26122020
87.198.107.164,IE,26122020
31.130.150.138,RU,26122020
181.163.86.11,CL,26122020
67.80.27.174,US,26122020
113.253.213.245,HK,26122020
58.153.244.234,HK,26122020
186.188.175.240,PA,26122020
113.254.111.88,HK,26122020
176.194.160.210,RU,26122020
223.16.5.55,HK,26122020
14.48.195.66,KR,26122020
187.38.48.29,BR,26122020
188.68.194.39,RU,26122020
45.78.104.71,CA,26122020
190.207.244.139,VE,26122020
218.103.173.139,HK,26122020
121.190.59.105,KR,26122020
219.78.98.199,HK,26122020
219.79.214.220,HK,26122020
223.17.152.95,HK,26122020
49.168.110.193,KR,26122020
24.206.2.169,BS,26122020
112.119.91.47,HK,26122020
219.78.98.125,HK,26122020
178.218.152.57,SE,26122020
125.231.85.82,TW,26122020
88.206.211.11,SE,26122020
116.207.126.99,CN,26122020
91.126.207.61,ES,26122020
36.153.37.102,CN,26122020
1.36.113.10,HK,26122020
78.85.49.158,RU,26122020
1.64.144.193,HK,26122020
181.163.66.34,CL,26122020
37.57.29.220,UA,26122020
105.104.1.60,DZ,26122020
223.13.24.90,CN,26122020
221.152.5.210,KR,26122020
24.57.3.55,CA,26122020
1.64.141.179,HK,26122020
50.113.10.94,US,26122020
85.29.172.22,KZ,26122020
27.2.254.37,VN,26122020
175.198.228.202,KR,26122020
27.2.89.68,VN,26122020
113.255.231.186,HK,26122020
167.60.233.173,UY,26122020
186.250.104.214,BR,26122020
104.204.185.132,CA,26122020
222.119.20.88,KR,26122020
50.71.249.2,CA,26122020
116.49.105.212,HK,26122020
181.197.104.21,PA,26122020
190.140.194.8,PA,26122020
168.70.87.6,HK,26122020
190.104.105.133,AW,26122020
117.146.55.123,CN,26122020
121.184.142.222,KR,26122020
67.204.214.166,CA,26122020
190.77.203.5,VE,26122020
219.79.143.231,HK,26122020
36.239.139.13,TW,26122020
180.169.109.13,CN,26122020
87.225.17.45,RU,26122020
119.236.193.194,HK,26122020
117.146.55.21,CN,26122020
220.86.27.210,KR,26122020
42.2.203.76,HK,26122020
219.79.130.172,HK,26122020
220.79.48.108,KR,26122020
177.117.254.224,BR,26122020
14.46.7.72,KR,26122020
14.124.9.100,CN,26122020
220.246.153.28,HK,26122020
190.219.38.109,PA,26122020
42.3.103.220,HK,26122020
23.233.19.26,CA,26122020
1.174.198.37,TW,26122020
185.42.159.198,RU,26122020
219.73.96.79,HK,26122020
58.153.187.172,HK,26122020
211.226.89.210,KR,26122020
104.234.109.34,CA,26122020
37.52.108.226,UA,26122020
171.88.8.253,CN,26122020
219.77.178.110,HK,26122020
58.153.39.247,HK,26122020
82.207.97.64,UA,26122020
219.76.92.51,HK,26122020
14.52.22.243,KR,26122020
190.219.155.94,PA,26122020
87.243.110.135,BG,26122020
36.153.181.154,CN,26122020
83.249.211.87,SE,26122020
222.106.243.182,KR,26122020
119.237.177.238,HK,26122020
110.47.174.62,KR,26122020
119.237.138.224,HK,26122020
24.206.21.6,BS,26122020
5.79.218.10,RU,26122020
121.254.114.187,TW,26122020
222.107.44.242,KR,26122020
219.249.183.162,KR,26122020
185.8.201.243,RU,26122020
219.78.186.82,HK,26122020
121.254.106.227,TW,26122020
171.217.28.105,CN,26122020
61.134.102.202,CN,26122020
113.253.213.201,HK,26122020
178.151.214.135,UA,26122020
221.127.123.62,HK,26122020
125.137.150.140,KR,26122020
83.250.0.115,SE,26122020
116.241.62.145,TW,26122020
97.85.186.110,US,26122020
181.163.71.173,CL,26122020
179.85.244.186,BR,26122020
190.219.156.132,PA,26122020
190.219.220.234,PA,26122020
113.253.79.105,HK,26122020
45.224.112.159,BR,26122020
45.56.160.70,US,26122020
178.54.22.64,UA,26122020
23.248.146.49,CA,26122020
178.94.166.80,UA,26122020
42.2.145.86,HK,26122020
86.242.187.71,FR,26122020
190.218.183.31,PA,26122020
177.136.212.221,BR,26122020
119.237.167.70,HK,26122020
218.103.135.70,HK,26122020
61.73.9.190,KR,26122020
91.126.47.42,ES,26122020
203.222.19.3,TW,26122020
178.151.65.138,UA,26122020
219.250.22.126,KR,26122020
117.146.52.146,CN,26122020
1.64.115.188,HK,26122020
113.253.83.88,HK,26122020
211.198.41.164,KR,26122020
87.110.102.248,LV,26122020
45.74.151.144,CA,26122020
146.115.67.33,US,26122020
201.50.23.209,BR,26122020
122.100.214.240,MO,26122020
123.193.0.97,TW,26122020
121.129.196.162,KR,26122020
222.119.67.9,KR,26122020
92.99.245.161,AE,26122020
139.60.59.9,US,26122020
177.136.212.128,BR,26122020
89.25.54.211,BG,26122020
113.255.191.222,HK,26122020
121.164.111.27,KR,26122020
110.182.166.247,CN,26122020
77.27.212.253,ES,26122020
188.148.163.235,NO,26122020
88.204.35.207,RU,26122020
203.218.5.132,HK,26122020
121.136.203.208,KR,26122020
112.120.134.187,HK,26122020
27.2.188.209,VN,26122020
38.133.21.198,CA,26122020
175.205.152.172,KR,26122020
188.116.129.201,RU,26122020
98.15.121.228,US,26122020
189.83.234.26,BR,26122020
1.36.236.185,HK,26122020
85.234.190.63,LV,26122020
46.17.96.99,NL,26122020
61.223.2.245,TW,26122020
183.162.224.30,CN,26122020
221.124.197.140,HK,26122020
45.174.122.6,BR,26122020
93.77.92.222,UA,26122020
116.123.176.218,KR,26122020
221.127.68.244,HK,26122020
190.133.171.95,UY,26122020
87.74.220.2,GB,26122020
190.140.52.183,PA,26122020
211.177.223.80,KR,26122020
222.119.58.125,KR,26122020
114.224.63.52,CN,26122020
183.251.104.145,CN,26122020
37.142.248.194,IL,26122020
188.148.157.152,NO,26122020
95.71.130.199,RU,26122020
221.179.87.190,CN,26122020
115.144.146.198,KR,26122020
42.98.87.126,HK,26122020
125.137.67.130,KR,26122020
191.203.20.30,BR,26122020
79.132.167.148,LT,26122020
186.188.247.13,PA,26122020
112.120.134.181,HK,26122020
121.191.8.137,KR,26122020
216.49.58.19,US,26122020
64.94.212.7,US,26122020
74.72.192.179,US,26122020
77.89.204.104,MD,26122020
58.153.5.47,HK,26122020
191.9.244.20,BR,26122020
113.255.133.10,HK,26122020
37.57.57.71,UA,26122020
222.103.180.24,KR,26122020
149.34.23.28,ES,26122020
58.153.176.71,HK,26122020
218.102.235.82,HK,26122020
221.179.87.165,CN,26122020
104.51.161.162,US,26122020
117.146.52.249,CN,26122020
113.255.37.202,HK,26122020
212.90.124.210,UA,26122020
123.194.123.110,TW,26122020
167.60.192.3,UY,26122020
219.79.142.213,HK,26122020
121.151.135.205,KR,26122020
46.173.95.172,RU,26122020
84.238.171.245,BG,26122020
186.14.157.61,VE,26122020
78.82.213.194,SE,26122020
223.17.53.30,HK,26122020
36.227.91.206,TW,26122020
170.244.12.17,BR,26122020
190.154.180.151,EC,26122020
181.160.14.38,CL,26122020
58.153.124.55,HK,26122020
186.94.48.81,VE,26122020
115.144.126.174,KR,26122020
89.212.103.79,SI,26122020
61.223.20.43,TW,26122020
175.204.115.43,KR,26122020
170.199.145.6,CA,26122020
14.198.13.153,HK,26122020
14.124.9.218,CN,26122020
123.185.108.220,CN,26122020
113.253.2.96,HK,26122020
110.182.167.145,CN,26122020
200.93.85.202,VE,26122020
121.167.202.25,KR,26122020
118.45.124.172,KR,26122020
125.59.53.215,HK,26122020
170.254.146.181,BR,26122020
93.77.214.210,UA,26122020
213.238.248.20,SE,26122020
83.246.215.93,RU,26122020
116.241.209.193,TW,26122020
220.92.197.29,KR,26122020
112.118.13.101,HK,26122020
179.57.159.5,CL,26122020
175.200.222.195,KR,26122020
5.105.53.92,UA,26122020
177.188.147.54,BR,26122020
93.148.166.160,IT,26122020
1.65.167.94,HK,26122020
167.57.166.11,UY,26122020
114.46.43.13,TW,26122020
181.220.57.100,BR,26122020
125.224.13.85,TW,26122020
1.64.229.31,HK,26122020
222.243.13.61,CN,26122020
94.131.202.45,UA,26122020
94.255.206.165,SE,26122020
181.160.13.94,CL,26122020
176.10.158.30,SE,26122020
175.198.238.224,KR,26122020
186.95.241.2,VE,26122020
46.109.197.23,LV,26122020
122.100.188.63,MO,26122020
112.164.132.68,KR,26122020
112.118.174.230,HK,26122020
1.171.226.32,TW,26122020
58.152.140.115,HK,26122020
42.3.165.48,HK,26122020
125.231.217.83,TW,26122020
58.153.180.78,HK,26122020
173.195.15.125,US,26122020
121.133.208.234,KR,26122020
76.118.240.138,US,26122020
85.95.199.143,FR,26122020
109.191.186.206,RU,26122020
85.26.45.147,BE,26122020
119.237.10.141,HK,26122020
110.29.163.202,TW,26122020
99.249.24.103,CA,26122020
1.64.51.12,HK,26122020
185.237.251.112,RU,26122020
181.162.27.247,CL,26122020
36.232.43.12,TW,26122020
110.182.170.249,CN,26122020
82.240.216.244,FR,26122020
58.153.178.20,HK,26122020
186.94.110.113,VE,26122020
167.60.148.58,UY,26122020
121.163.165.121,KR,26122020
119.237.180.10,HK,26122020
217.31.190.154,SE,26122020
216.151.180.15,,26122020
221.164.18.113,KR,26122020
203.218.166.128,HK,26122020
190.39.107.42,VE,26122020
61.81.101.196,KR,26122020
122.100.220.181,MO,26122020
179.60.135.134,,26122020
202.184.60.50,MY,26122020
58.153.175.206,HK,26122020
223.19.43.185,HK,26122020
42.2.226.41,HK,26122020
74.66.211.168,US,26122020
223.16.63.248,HK,26122020
83.226.166.216,SE,26122020
61.223.182.214,TW,26122020
190.92.1.106,HN,26122020
201.248.196.59,VE,26122020
175.209.134.146,KR,26122020
223.16.175.109,HK,26122020
88.201.142.29,RU,26122020
79.168.102.95,PT,26122020
124.117.35.128,CN,26122020
128.8.177.118,US,26122020
186.72.16.214,PA,26122020
114.38.70.218,TW,26122020
178.174.237.99,SE,26122020
112.119.154.218,HK,26122020
69.94.195.207,US,26122020
185.50.187.24,RS,26122020
167.57.184.149,UY,26122020
99.234.21.65,CA,26122020
111.67.63.49,TW,26122020
36.227.240.215,TW,26122020
188.148.171.87,NO,26122020
46.173.68.76,RU,26122020
179.233.94.24,BR,26122020
121.157.136.24,KR,26122020
66.186.71.167,CA,26122020
218.158.6.201,KR,26122020
85.255.168.118,BG,26122020
188.163.44.80,UA,26122020
14.42.106.26,KR,26122020
179.190.127.252,BR,26122020
190.4.136.231,CW,26122020
93.74.0.85,UA,26122020
175.213.23.107,KR,26122020
117.146.53.216,CN,26122020
122.32.111.210,KR,26122020
191.14.15.109,BR,26122020
177.117.159.169,BR,26122020
173.213.87.152,US,26122020
116.49.172.208,HK,26122020
219.77.38.161,HK,26122020
112.120.131.108,HK,26122020
116.49.105.74,HK,26122020
91.126.188.158,ES,26122020
146.115.52.202,US,26122020
181.163.70.151,CL,26122020
109.229.226.28,RU,26122020
119.194.143.139,KR,26122020
218.103.169.57,HK,26122020
223.19.42.201,HK,26122020
112.119.169.125,HK,26122020
31.28.239.97,UA,26122020
216.58.17.55,CA,26122020
198.200.87.89,CA,26122020
112.119.29.57,HK,26122020
211.222.183.95,KR,26122020
35.188.32.173,US,26122020
84.216.25.14,SE,26122020
223.17.189.231,HK,26122020
98.206.110.75,US,26122020
109.206.2.89,KZ,26122020
42.3.81.235,HK,26122020
112.119.225.197,HK,26122020
177.73.25.168,BR,26122020
186.210.241.77,BR,26122020
119.198.188.124,KR,26122020
212.3.109.118,UA,26122020
167.57.199.4,UY,26122020
92.35.17.64,SE,26122020
45.83.90.182,,26122020
119.237.58.229,HK,26122020
1.65.167.201,HK,26122020
135.23.226.77,CA,26122020
104.149.201.163,US,26122020
201.131.156.184,BR,26122020
88.223.148.158,LT,26122020
112.118.219.189,HK,26122020
122.121.161.251,TW,26122020
152.89.37.230,TR,26122020
1.65.154.227,HK,26122020
181.160.6.238,CL,26122020
188.239.108.103,UA,26122020
83.226.231.37,SE,26122020
220.121.127.107,KR,26122020
221.149.61.127,KR,26122020
187.14.148.241,BR,26122020
27.16.239.76,CN,26122020
211.252.125.216,KR,26122020
109.87.57.50,UA,26122020
179.4.223.165,CL,26122020
109.239.46.21,KZ,26122020
182.155.27.228,TW,26122020
179.85.167.157,BR,26122020
149.34.22.248,ES,26122020
66.49.133.134,CA,26122020
90.133.76.24,LV,26122020
118.36.174.243,KR,26122020
155.4.59.223,SE,26122020
190.112.175.160,,26122020
223.18.249.29,HK,26122020
178.136.130.27,UA,26122020
223.16.56.96,HK,26122020
88.86.254.66,FR,26122020
112.104.147.57,TW,26122020
181.197.49.241,PA,26122020
14.56.244.107,KR,26122020
223.17.56.203,HK,26122020
37.54.227.56,UA,26122020
179.197.24.4,BR,26122020
158.174.107.134,SE,26122020
119.200.61.43,KR,26122020
110.182.248.141,CN,26122020
5.150.215.201,SE,26122020
221.144.149.103,KR,26122020
14.124.9.220,CN,26122020
177.26.155.33,BR,26122020
168.70.33.110,HK,26122020
112.120.198.84,HK,26122020
219.79.182.183,HK,26122020
114.207.74.4,KR,26122020
223.17.116.79,HK,26122020
223.17.161.175,HK,26122020
188.239.114.188,UA,26122020
1.174.144.48,TW,26122020
222.103.180.27,KR,26122020
58.124.28.60,KR,26122020
219.77.205.13,HK,26122020
85.8.43.182,SE,26122020
45.71.14.90,BR,26122020
203.228.97.48,KR,26122020
27.2.146.249,VN,26122020
219.73.81.2,HK,26122020
158.222.140.235,US,26122020
62.84.57.240,KZ,26122020
5.105.109.228,UA,26122020
46.173.94.36,RU,26122020
175.136.83.254,MY,26122020
78.84.120.128,LV,26122020
42.2.184.136,HK,26122020
110.182.191.4,CN,26122020
37.205.76.155,RU,26122020
175.197.217.35,KR,26122020
88.206.237.134,SE,26122020
200.85.215.251,CL,26122020
128.76.254.49,DK,26122020
58.231.199.249,KR,26122020
117.146.52.252,CN,26122020
58.153.170.203,HK,26122020
37.115.177.24,UA,26122020
111.254.69.149,TW,26122020
182.155.12.18,TW,26122020
220.93.186.38,KR,26122020
93.72.121.32,UA,26122020
1.36.164.11,HK,26122020
210.209.253.37,TW,26122020
42.2.217.5,HK,26122020
216.49.40.224,US,26122020
181.163.68.207,CL,26122020
88.153.220.7,DE,26122020
182.155.216.122,TW,26122020
87.110.47.152,LV,26122020
113.253.209.153,HK,26122020
14.36.107.15,KR,26122020
190.141.105.134,PA,26122020
77.23.184.38,DE,26122020
84.217.20.101,SE,26122020
1.64.142.62,HK,26122020
161.81.84.91,US,26122020
119.74.134.81,SG,26122020
39.109.195.26,SG,26122020
178.64.88.195,RU,26122020
203.218.96.45,HK,26122020
114.40.114.232,TW,26122020
45.121.84.183,SG,26122020
152.243.199.220,BR,26122020
181.23.1.7,AR,26122020
219.68.123.119,TW,26122020
42.98.208.98,HK,26122020
201.162.102.22,BR,26122020
65.99.161.72,SE,26122020
27.109.173.119,MO,26122020
117.146.55.17,CN,26122020
112.119.62.109,HK,26122020
27.2.186.165,VN,26122020
189.41.89.55,BR,26122020
220.80.116.136,KR,26122020
186.91.70.142,VE,26122020
175.200.221.135,KR,26122020
190.218.84.211,PA,26122020
83.135.217.134,DE,26122020
31.208.112.235,SE,26122020
52.124.101.23,CA,26122020
201.68.163.241,BR,26122020
47.42.95.124,US,26122020
168.70.112.179,HK,26122020
90.59.96.116,FR,26122020
210.223.200.225,KR,26122020
222.167.248.51,HK,26122020
191.20.232.197,BR,26122020
121.165.153.172,KR,26122020
61.224.94.17,TW,26122020
175.200.212.173,KR,26122020
167.57.186.150,UY,26122020
190.39.112.239,VE,26122020
188.148.179.170,NO,26122020
60.52.87.100,MY,26122020
37.229.82.103,UA,26122020
125.140.147.59,KR,26122020
188.217.171.108,IT,26122020
76.189.92.108,US,26122020
122.118.18.251,TW,26122020
191.14.251.143,BR,26122020
185.234.159.46,ES,26122020
182.155.242.105,TW,26122020
115.144.125.150,KR,26122020
201.35.141.114,BR,26122020
5.248.58.13,UA,26122020
190.75.66.249,VE,26122020
84.238.127.157,DK,26122020
186.55.177.75,UY,26122020
113.61.190.38,TW,26122020
14.46.231.93,KR,26122020
140.186.86.103,US,26122020
181.197.143.16,PA,26122020
58.153.176.21,HK,26122020
213.251.207.223,UA,26122020
91.126.235.72,ES,26122020
116.49.210.2,HK,26122020
61.223.19.222,TW,26122020
124.63.9.102,KR,26122020
121.183.124.187,KR,26122020
83.209.166.169,SE,26122020
218.102.104.81,HK,26122020
61.63.112.222,TW,26122020
197.4.49.200,TN,26122020
183.230.248.77,CN,26122020
218.102.206.218,HK,26122020
149.34.23.158,ES,26122020
85.228.51.214,SE,26122020
125.59.53.55,HK,26122020
113.253.20.26,HK,26122020
36.231.220.183,TW,26122020
46.35.245.145,UA,26122020
221.167.219.31,KR,26122020
58.153.200.137,HK,26122020
123.109.219.77,KR,26122020
1.233.13.145,KR,26122020
95.85.168.73,RS,26122020
191.208.21.235,BR,26122020
118.168.107.46,TW,26122020
91.173.119.219,FR,26122020
217.175.208.2,CY,26122020
116.86.144.46,SG,26122020
37.191.197.157,NO,26122020
222.119.67.133,KR,26122020
201.131.177.75,BR,26122020
219.78.164.64,HK,26122020
58.153.187.151,HK,26122020
109.74.172.165,RU,26122020
223.16.198.65,HK,26122020
195.154.90.75,FR,26122020
93.15.25.162,FR,26122020
217.24.66.199,LV,26122020
185.44.29.59,ES,26122020
113.252.225.104,HK,26122020
123.0.251.49,TW,26122020
177.44.217.95,BR,26122020
92.167.84.248,FR,26122020
49.164.11.171,KR,26122020
42.2.158.151,HK,26122020
119.236.49.60,HK,26122020
45.2.223.137,CA,26122020
46.21.63.161,CY,26122020
220.92.197.30,KR,26122020
203.218.172.177,HK,26122020
92.140.147.10,FR,26122020
181.163.71.201,CL,26122020
191.27.29.60,BR,26122020
94.45.114.84,UA,26122020
65.29.175.106,US,26122020
119.237.147.147,HK,26122020
183.103.64.234,KR,26122020
42.98.178.56,HK,26122020
142.114.170.56,CA,26122020
27.2.101.49,VN,26122020
179.168.226.178,BR,26122020
83.148.66.65,BG,26122020
112.168.146.199,KR,26122020
116.49.237.177,HK,26122020
112.197.136.40,VN,26122020
222.119.58.14,KR,26122020
42.3.124.154,HK,26122020
47.132.156.192,US,26122020
213.108.83.5,PL,26122020
220.129.110.77,TW,26122020
149.34.16.20,ES,26122020
24.147.224.229,US,26122020
219.79.222.70,HK,26122020
112.197.142.2,VN,26122020
82.252.136.40,FR,26122020
61.81.43.27,KR,26122020
119.236.193.216,HK,26122020
183.162.230.70,CN,26122020
103.155.93.134,,26122020
118.160.18.60,TW,26122020
42.2.225.182,HK,26122020
201.243.154.248,VE,26122020
185.32.121.253,RU,26122020
116.49.47.136,HK,26122020
61.85.31.188,KR,26122020
223.17.181.4,HK,26122020
168.70.79.83,HK,26122020
210.209.201.84,TW,26122020
220.92.197.5,KR,26122020
31.208.53.47,SE,26122020
83.209.194.197,SE,26122020
112.119.252.192,HK,26122020
161.81.209.19,US,26122020
68.195.100.153,US,26122020
98.220.71.152,US,26122020
190.140.91.114,PA,26122020
211.230.112.210,KR,26122020
77.224.128.214,ES,26122020
199.71.61.45,CA,26122020
104.159.49.7,CA,26122020
149.34.21.86,ES,26122020
223.16.131.21,HK,26122020
119.237.176.36,HK,26122020
14.124.8.186,CN,26122020
45.41.132.163,US,26122020
112.118.93.69,HK,26122020
177.76.168.62,BR,26122020
14.42.245.46,KR,26122020
218.250.4.235,HK,26122020
121.167.167.196,KR,26122020
223.19.54.41,HK,26122020
179.167.128.27,BR,26122020
45.14.245.65,,26122020
183.103.64.197,KR,26122020
61.223.73.19,TW,26122020
223.18.71.231,HK,26122020
182.19.172.97,SG,26122020
125.132.234.211,KR,26122020
85.227.169.190,SE,26122020
24.230.106.101,US,26122020
218.250.171.116,HK,26122020
1.36.197.179,HK,26122020
83.226.95.235,SE,26122020
181.163.68.125,CL,26122020
98.128.243.157,SE,26122020
87.255.83.28,MD,26122020
112.120.245.208,HK,26122020
220.143.12.112,TW,26122020
171.250.157.51,VN,26122020
134.249.163.130,UA,26122020
75.83.119.240,US,26122020
108.29.36.186,US,26122020
84.90.194.43,PT,26122020
87.225.17.34,RU,26122020
87.110.14.249,LV,26122020
104.204.254.11,CA,26122020
200.84.178.75,VE,26122020
78.84.180.218,LV,26122020
112.120.156.39,HK,26122020
176.74.9.202,RU,26122020
5.56.30.212,UA,26122020
203.228.97.214,KR,26122020
42.2.4.194,HK,26122020
116.44.228.180,KR,26122020
116.48.13.155,HK,26122020
218.149.178.64,KR,26122020
117.146.53.241,CN,26122020
109.105.246.103,CY,26122020
117.146.53.217,CN,26122020
221.179.87.156,CN,26122020
74.64.243.192,US,26122020
27.96.238.141,TW,26122020
176.36.32.202,UA,26122020
114.40.39.244,TW,26122020
24.55.195.0,CA,26122020
74.120.7.214,CA,26122020
113.252.97.109,HK,26122020
121.125.243.135,KR,26122020
111.253.195.96,TW,26122020
68.199.10.147,US,26122020
189.146.87.1,MX,26122020
116.86.44.118,SG,26122020
83.250.31.234,SE,26122020
110.182.167.59,CN,26122020
223.17.41.102,HK,26122020
125.133.55.197,KR,26122020
82.213.224.15,ES,26122020
116.49.102.116,HK,26122020
188.151.62.235,SE,26122020
76.190.151.191,US,26122020
181.163.64.95,CL,26122020
117.146.55.103,CN,26122020
181.163.91.163,CL,26122020
183.230.248.228,CN,26122020
92.251.6.61,MT,26122020
190.218.140.136,PA,26122020
218.215.99.150,AU,26122020
218.148.31.114,KR,26122020
115.23.81.101,KR,26122020
181.160.2.8,CL,26122020
190.140.204.71,PA,26122020
119.96.24.83,CN,26122020
111.0.123.241,CN,26122020
58.153.177.42,HK,26122020
113.252.87.239,HK,26122020
223.19.140.182,HK,26122020
117.146.53.211,CN,26122020
42.98.255.188,HK,26122020
179.57.158.0,CL,26122020
190.201.130.111,VE,26122020
61.223.17.99,TW,26122020
219.79.139.28,HK,26122020
72.12.97.57,CA,26122020
95.135.205.101,UA,26122020
78.85.128.78,RU,26122020
173.213.87.201,US,26122020
93.150.78.175,IT,26122020
125.137.150.137,KR,26122020
177.81.181.113,BR,26122020
58.153.171.174,HK,26122020
91.126.44.12,ES,26122020
91.126.207.94,ES,26122020
58.152.227.178,HK,26122020
223.18.129.48,HK,26122020
175.123.186.73,KR,26122020
61.198.58.193,JP,26122020
97.103.189.128,US,26122020
209.107.216.194,US,26122020
92.112.194.178,UA,26122020
149.34.22.194,ES,26122020
71.93.172.67,US,26122020
219.73.58.91,HK,26122020
45.56.150.76,US,26122020
46.173.76.32,RU,26122020
27.2.154.140,VN,26122020
181.226.101.93,CL,26122020
223.17.30.128,HK,26122020
78.82.207.217,SE,26122020
1.65.134.164,HK,26122020
159.224.251.198,UA,26122020
1.36.116.138,HK,26122020
118.176.16.187,KR,26122020
58.114.86.18,TW,26122020
114.47.163.79,TW,26122020
211.252.205.154,KR,26122020
101.200.242.69,CN,26122020
223.17.185.237,HK,26122020
72.177.153.233,US,26122020
42.2.219.70,HK,26122020
73.63.140.50,US,26122020
183.232.6.4,CN,26122020
219.79.44.25,HK,26122020
179.56.64.149,CL,26122020
219.70.135.55,TW,26122020
14.42.163.90,KR,26122020
46.162.9.120,UA,26122020
177.73.27.193,BR,26122020
223.16.100.141,HK,26122020
117.146.53.240,CN,26122020
45.4.183.0,BR,26122020
118.45.124.193,KR,26122020
74.68.65.164,US,26122020
31.208.122.204,SE,26122020
58.153.176.111,HK,26122020
64.145.65.245,US,26122020
181.162.12.80,CL,26122020
118.170.146.70,TW,26122020
186.84.18.54,CO,26122020
1.36.186.113,HK,26122020
177.80.20.181,BR,26122020
24.142.14.233,CA,26122020
210.6.31.116,HK,26122020
116.48.31.66,HK,26122020
114.26.54.233,TW,26122020
5.44.199.90,SE,26122020
168.70.3.198,HK,26122020
31.134.80.157,UA,26122020
85.118.107.12,GE,26122020
223.16.191.176,HK,26122020
78.84.125.115,LV,26122020
87.96.249.74,SE,26122020
177.189.189.147,BR,26122020
221.179.87.187,CN,26122020
196.223.121.184,NG,26122020
222.96.71.40,KR,26122020
183.107.138.114,KR,26122020
113.253.0.226,HK,26122020
222.117.154.77,KR,26122020
39.109.175.228,SG,26122020
14.36.154.42,KR,26122020
113.252.76.21,HK,26122020
189.130.187.127,MX,26122020
114.42.161.224,TW,26122020
119.193.164.135,KR,26122020
89.191.100.38,LV,26122020
78.84.220.15,LV,26122020
180.169.109.14,CN,26122020
181.163.73.242,CL,26122020
88.129.233.216,SE,26122020
78.129.57.32,BE,26122020
203.218.89.85,HK,26122020
201.186.20.219,CL,26122020
87.117.172.237,RU,26122020
178.234.154.40,RU,26122020
125.133.194.69,KR,26122020
42.98.123.148,HK,26122020
188.148.190.117,NO,26122020
216.104.107.131,CA,26122020
61.224.91.194,TW,26122020
113.255.162.34,HK,26122020
123.204.170.33,TW,26122020
203.217.104.144,TW,26122020
14.56.244.241,KR,26122020
187.38.40.126,BR,26122020
190.219.92.18,PA,26122020
186.55.4.8,UY,26122020
110.182.225.11,CN,26122020
14.124.9.34,CN,26122020
112.118.10.179,HK,26122020
66.186.72.162,CA,26122020
122.11.142.51,SG,26122020
114.38.85.166,TW,26122020
87.225.17.38,RU,26122020
190.140.10.77,PA,26122020
181.160.2.196,CL,26122020
112.104.155.245,TW,26122020
221.179.87.158,CN,26122020
37.123.148.15,SE,26122020
5.105.124.161,UA,26122020
181.197.156.131,PA,26122020
1.173.143.121,TW,26122020
113.254.41.226,HK,26122020
112.54.37.119,CN,26122020
1.64.141.82,HK,26122020
211.33.188.223,KR,26122020
162.229.179.69,US,26122020
116.89.70.60,SG,26122020
119.237.129.177,HK,26122020
14.51.95.229,KR,26122020
220.188.2.184,CN,26122020
181.162.21.247,CL,26122020
95.108.51.244,PL,26122020
74.68.139.124,US,26122020
223.13.27.128,CN,26122020
221.164.18.220,KR,26122020
116.48.102.145,HK,26122020
222.103.180.14,KR,26122020
78.71.2.168,SE,26122020
190.73.61.126,VE,26122020
179.145.236.39,BR,26122020
85.228.241.220,SE,26122020
190.73.93.43,VE,26122020
222.119.20.210,KR,26122020
203.222.15.125,TW,26122020
185.18.164.5,SE,26122020
114.24.82.241,TW,26122020
62.221.70.219,MD,26122020
122.100.235.200,MO,26122020
87.220.248.155,ES,26122020
168.70.107.192,HK,26122020
42.3.188.167,HK,26122020
99.247.15.3,CA,26122020
188.239.110.170,UA,26122020
78.75.237.184,SE,26122020
113.252.119.224,HK,26122020
219.79.43.121,HK,26122020
191.208.23.74,BR,26122020
36.236.58.197,TW,26122020
179.168.198.163,BR,26122020
119.39.136.51,CN,26122020
206.217.12.136,US,26122020
203.222.17.17,TW,26122020
178.150.122.150,UA,26122020
123.185.108.232,CN,26122020
222.119.87.67,KR,26122020
176.8.91.195,UA,26122020
37.235.155.171,RU,26122020
113.253.85.226,HK,26122020
200.75.213.208,PA,26122020
24.102.208.205,US,26122020
82.65.99.20,FR,26122020
98.14.51.85,US,26122020
110.182.250.204,CN,26122020
112.118.199.86,HK,26122020
109.229.184.254,KZ,26122020
85.195.38.176,SE,26122020
5.255.44.57,UA,26122020
85.95.203.86,FR,26122020
112.197.206.110,VN,26122020
85.225.27.63,SE,26122020
5.255.173.240,UA,26122020
190.133.170.10,UY,26122020
178.234.179.67,RU,26122020
65.99.158.152,SE,26122020
14.33.250.201,KR,26122020
223.18.36.130,HK,26122020
113.61.164.39,TW,26122020
111.252.52.204,TW,26122020
170.244.227.44,BR,26122020
220.93.204.19,KR,26122020
58.153.243.162,HK,26122020
36.227.49.234,TW,26122020
198.90.93.175,CA,26122020
47.53.166.63,IT,26122020
87.126.91.205,BG,26122020
42.2.172.104,HK,26122020
78.158.159.212,CY,26122020
223.16.66.42,HK,26122020
42.98.184.79,HK,26122020
213.244.243.79,SE,26122020
27.2.151.84,VN,26122020
46.173.70.175,RU,26122020
112.119.136.145,HK,26122020
116.49.59.160,HK,26122020
203.218.157.218,HK,26122020
183.96.223.131,KR,26122020
83.249.112.85,SE,26122020
189.33.150.171,BR,26122020
220.137.158.59,TW,26122020
203.218.82.251,HK,26122020
170.82.242.6,BR,26122020
58.153.132.100,HK,26122020
223.16.178.109,HK,26122020
219.77.211.222,HK,26122020
118.165.66.154,TW,26122020
188.251.159.212,PT,26122020
181.162.15.174,CL,26122020
200.96.19.177,BR,26122020
1.64.159.56,HK,26122020
217.199.232.23,UA,26122020
111.251.14.130,TW,26122020
121.136.122.32,KR,26122020
83.209.55.35,SE,26122020
24.230.104.102,US,26122020
24.115.52.218,US,26122020
181.162.26.6,CL,26122020
179.125.86.225,BR,26122020
213.112.73.105,SE,26122020
119.236.159.55,HK,26122020
112.119.183.153,HK,26122020
221.157.0.22,KR,26122020
125.132.85.9,KR,26122020
91.247.85.30,UA,26122020
87.123.86.0,DE,26122020
85.115.109.190,LV,26122020
179.220.51.24,BR,26122020
222.98.251.24,KR,26122020
216.58.103.195,CA,26122020
222.106.39.9,KR,26122020
112.118.193.204,HK,26122020
119.236.27.218,HK,26122020
182.155.227.148,TW,26122020
100.96.118.190,,26122020
207.38.56.152,CA,26122020
168.70.121.36,HK,26122020
116.44.137.24,KR,26122020
178.211.97.30,UA,26122020
190.206.227.14,VE,26122020
111.241.143.46,TW,26122020
182.155.124.199,TW,26122020
119.193.158.232,KR,26122020
125.230.36.102,TW,26122020
179.57.107.154,CL,26122020
42.98.185.189,HK,26122020
42.98.220.123,HK,26122020
125.224.72.105,TW,26122020
188.148.181.245,NO,26122020
61.109.91.219,KR,26122020
59.4.87.225,KR,26122020
1.64.96.95,HK,26122020
45.130.71.7,,26122020
27.2.146.0,VN,26122020
188.149.24.95,NO,26122020
123.185.108.34,CN,26122020
209.50.36.171,US,26122020
223.16.63.44,HK,26122020
219.77.174.111,HK,26122020
118.25.18.97,CN,26122020
187.208.251.154,MX,26122020
211.229.139.136,KR,26122020
219.73.8.184,HK,26122020
186.89.43.56,VE,26122020
218.250.233.133,HK,26122020
83.103.133.64,RO,26122020
181.160.3.178,CL,26122020
70.64.78.87,CA,26122020
187.121.54.56,BR,26122020
31.156.238.200,IT,26122020
222.103.180.26,KR,26122020
113.255.161.10,HK,26122020
198.91.243.40,CA,26122020
161.81.47.35,US,26122020
116.49.242.8,HK,26122020
179.247.16.50,BR,26122020
112.118.31.1,HK,26122020
117.146.51.232,CN,26122020
78.68.172.71,SE,26122020
42.3.81.108,HK,26122020
177.223.72.107,BR,26122020
181.163.76.122,CL,26122020
125.230.76.121,TW,26122020
109.86.254.238,UA,26122020
87.225.17.46,RU,26122020
219.73.96.39,HK,26122020
221.127.62.42,HK,26122020
207.189.196.12,SE,26122020
119.207.26.231,KR,26122020
119.82.89.5,IN,26122020
125.136.41.219,KR,26122020
223.19.42.163,HK,26122020
112.120.246.82,HK,26122020
42.3.81.21,HK,26122020
90.231.203.20,SE,26122020
1.64.95.19,HK,26122020
218.250.116.203,HK,26122020
190.37.65.66,VE,26122020
58.233.89.72,KR,26122020
213.113.108.214,SE,26122020
42.98.237.170,HK,26122020
186.94.192.84,VE,26122020
112.118.7.82,HK,26122020
188.254.197.152,BG,26122020
219.238.154.245,CN,26122020
58.127.53.181,KR,26122020
59.26.197.99,KR,26122020
1.36.184.64,HK,26122020
1.65.223.222,HK,26122020
218.250.135.44,HK,26122020
83.209.226.163,SE,26122020
85.98.10.3,TR,26122020
58.153.24.13,HK,26122020
221.124.64.191,HK,26122020
100.64.100.22,,26122020
116.49.56.9,HK,26122020
95.71.186.5,RU,26122020
83.226.200.15,SE,26122020
24.157.16.236,PR,26122020
114.201.212.95,KR,26122020
113.74.255.30,CN,26122020
95.137.196.22,GE,26122020
218.149.219.45,KR,26122020
85.228.68.56,SE,26122020
186.188.143.204,PA,26122020
14.52.82.133,KR,26122020
173.170.135.25,US,26122020
186.107.177.226,CL,26122020
116.120.197.234,KR,26122020
221.124.110.231,HK,26122020
117.146.52.59,CN,26122020
119.237.152.84,HK,26122020
223.18.224.4,HK,26122020
71.91.148.183,US,26122020
59.26.93.175,KR,26122020
139.60.60.222,US,26122020
223.17.154.204,HK,26122020
61.223.181.92,TW,26122020
113.252.101.139,HK,26122020
46.35.249.56,UA,26122020
100.73.31.16,,26122020
91.225.119.137,UA,26122020
83.249.93.194,SE,26122020
149.34.20.227,ES,26122020
191.25.95.151,BR,26122020
221.147.22.222,KR,26122020
62.85.54.145,LV,26122020
117.146.52.62,CN,26122020
93.76.224.163,UA,26122020
82.102.87.206,CY,26122020
219.77.27.197,HK,26122020
108.5.58.32,US,26122020
221.179.87.173,CN,26122020
213.102.72.18,SE,26122020
211.193.65.165,KR,26122020
221.179.87.139,CN,26122020
36.233.28.230,TW,26122020
167.57.175.235,UY,26122020
90.8.202.136,FR,26122020
27.109.185.237,MO,26122020
46.234.145.32,ES,26122020
60.246.128.112,MO,26122020
93.73.8.253,UA,26122020
149.34.19.253,ES,26122020
181.127.226.26,PY,26122020
112.120.140.81,HK,26122020
119.236.28.216,HK,26122020
42.3.49.15,HK,26122020
188.175.168.216,CZ,26122020
79.50.148.132,IT,26122020
117.146.53.248,CN,26122020
58.153.199.177,HK,26122020
91.241.255.71,UA,26122020
179.57.3.155,CL,26122020
211.252.194.16,KR,26122020
221.124.106.26,HK,26122020
171.217.28.243,CN,26122020
218.103.169.77,HK,26122020
186.188.174.117,PA,26122020
177.221.255.102,BR,26122020
174.96.80.254,US,26122020
181.197.167.51,PA,26122020
1.160.52.207,TW,26122020
178.74.211.232,UA,26122020
81.170.133.202,SE,26122020
66.186.72.35,CA,26122020
36.236.52.111,TW,26122020
178.54.146.114,UA,26122020
94.134.152.133,DE,26122020
221.124.13.35,HK,26122020
59.20.109.75,KR,26122020
179.109.194.81,BR,26122020
221.179.87.197,CN,26122020
112.118.225.195,HK,26122020
186.91.78.49,VE,26122020
117.71.99.252,CN,26122020
201.186.65.80,CL,26122020
223.17.188.224,HK,26122020
190.219.39.187,PA,26122020
220.120.138.102,KR,26122020
187.116.201.212,BR,26122020
188.148.132.0,NO,26122020
84.127.120.213,ES,26122020
113.61.227.7,TW,26122020
74.141.0.75,US,26122020
213.200.191.182,SE,26122020
219.77.87.97,HK,26122020
83.227.95.192,SE,26122020
66.103.51.97,CA,26122020
122.193.78.199,CN,26122020
62.39.215.86,FR,26122020
201.68.18.202,BR,26122020
86.244.143.46,FR,26122020
96.59.170.187,US,26122020
113.255.194.130,HK,26122020
27.2.240.224,VN,26122020
112.197.102.202,VN,26122020
221.124.59.103,HK,26122020
218.147.230.216,KR,26122020
178.54.210.58,UA,26122020
177.221.174.113,BR,26122020
190.218.137.29,PA,26122020
183.230.248.105,CN,26122020
190.73.251.172,VE,26122020
37.52.111.136,UA,26122020
77.38.190.189,LV,26122020
176.100.54.190,KZ,26122020
188.230.202.126,SI,26122020
89.157.229.183,FR,26122020
211.250.16.53,KR,26122020
69.59.102.143,US,26122020
14.55.162.51,KR,26122020
186.222.62.229,BR,26122020
222.164.161.150,SG,26122020
58.152.151.195,HK,26122020
42.189.169.219,MY,26122020
113.254.187.44,HK,26122020
112.185.56.217,KR,26122020
181.163.87.185,CL,26122020
181.127.80.118,PY,26122020
211.226.178.203,KR,26122020
186.188.244.250,PA,26122020
125.137.150.147,KR,26122020
112.165.86.249,KR,26122020
218.103.137.170,HK,26122020
218.166.41.178,TW,26122020
176.99.105.27,UA,26122020
85.29.172.103,KZ,26122020
116.49.237.227,HK,26122020
121.183.86.66,KR,26122020
102.26.77.153,,26122020
223.16.75.170,HK,26122020
201.208.193.100,VE,26122020
203.228.97.136,KR,26122020
111.90.148.39,MY,26122020
201.186.79.16,CL,26122020
218.250.54.148,HK,26122020
188.149.242.66,NO,26122020
42.98.156.173,HK,26122020
218.250.156.193,HK,26122020
117.146.55.62,CN,26122020
42.98.129.170,HK,26122020
61.92.106.12,HK,26122020
221.124.18.89,HK,26122020
116.49.117.177,HK,26122020
14.41.25.193,KR,26122020
123.110.78.253,TW,26122020
59.20.13.148,KR,26122020
186.188.147.124,PA,26122020
181.160.2.127,CL,26122020
171.248.78.57,VN,26122020
203.218.253.77,HK,26122020
201.218.121.167,PA,26122020
185.239.201.39,ES,26122020
218.102.108.204,HK,26122020
125.142.92.144,KR,26122020
218.250.88.201,HK,26122020
112.118.224.149,HK,26122020
93.103.30.167,SI,26122020
117.146.53.221,CN,26122020
119.75.113.133,KR,26122020
5.79.242.154,RU,26122020
221.154.67.145,KR,26122020
121.152.41.87,KR,26122020
42.2.47.166,HK,26122020
188.148.185.137,NO,26122020
119.201.69.96,KR,26122020
84.217.16.144,SE,26122020
119.237.54.68,HK,26122020
151.24.157.2,IT,26122020
79.124.79.30,BG,26122020
223.16.101.29,HK,26122020
223.16.56.115,HK,26122020
113.255.143.166,HK,26122020
219.79.108.208,HK,26122020
114.38.142.208,TW,26122020
46.35.224.180,UA,26122020
121.138.252.197,KR,26122020
82.154.127.175,PT,26122020
90.22.150.72,FR,26122020
155.4.200.225,SE,26122020
37.26.17.76,AZ,26122020
105.104.167.131,DZ,26122020
199.71.52.113,CA,26122020
177.136.210.197,BR,26122020
77.228.40.214,ES,26122020
42.3.187.218,HK,26122020
223.17.154.196,HK,26122020
117.146.55.28,CN,26122020
78.85.48.145,RU,26122020
36.228.60.69,TW,26122020
5.105.224.103,UA,26122020
87.243.92.249,BG,26122020
218.103.197.22,HK,26122020
92.112.163.100,UA,26122020
61.224.89.134,TW,26122020
183.230.248.90,CN,26122020
117.146.55.246,CN,26122020
72.229.11.184,US,26122020
192.121.247.33,AU,26122020
221.148.200.227,KR,26122020
1.64.142.23,HK,26122020
181.162.19.199,CL,26122020
113.255.255.190,HK,26122020
78.85.5.9,RU,26122020
69.125.155.90,US,26122020
84.217.5.133,SE,26122020
36.237.138.77,TW,26122020
85.195.38.50,SE,26122020
84.117.148.75,RO,26122020
117.146.51.222,CN,26122020
119.205.38.163,KR,26122020
78.84.216.76,LV,26122020
91.126.234.124,ES,26122020
161.22.53.33,CW,26122020
116.49.237.53,HK,26122020
116.49.238.192,HK,26122020
178.137.8.254,UA,26122020
173.213.87.101,US,26122020
42.98.226.191,HK,26122020
190.141.119.150,PA,26122020
77.122.12.218,UA,26122020
112.118.55.202,HK,26122020
218.253.42.66,HK,26122020
27.104.139.36,SG,26122020
50.226.63.174,US,26122020
1.161.41.15,TW,26122020
74.72.104.14,US,26122020
1.65.202.152,HK,26122020
183.162.224.43,CN,26122020
123.185.108.115,CN,26122020
85.228.241.38,SE,26122020
116.89.74.37,SG,26122020
46.66.180.80,NO,26122020
219.79.88.98,HK,26122020
110.10.242.223,KR,26122020
46.173.69.26,RU,26122020
223.17.48.71,HK,26122020
92.49.240.235,KZ,26122020
175.181.114.128,TW,26122020
58.152.152.8,HK,26122020
223.16.250.223,HK,26122020
161.81.55.187,US,26122020
42.2.169.117,HK,26122020
218.102.128.231,HK,26122020
110.182.224.222,CN,26122020
180.169.109.12,CN,26122020
219.77.157.26,HK,26122020
93.171.28.163,UA,26122020
177.81.230.103,BR,26122020
183.162.224.61,CN,26122020
181.160.5.244,CL,26122020
187.242.81.0,MX,26122020
109.87.188.59,UA,26122020
190.141.65.99,PA,26122020
223.17.106.62,HK,26122020
190.218.255.128,PA,26122020
190.218.81.203,PA,26122020
220.246.220.208,HK,26122020
27.109.213.206,MO,26122020
87.92.3.79,FI,26122020
204.19.190.23,CA,26122020
14.124.10.118,CN,26122020
88.71.189.211,DE,26122020
182.107.201.71,CN,26122020
85.226.202.158,SE,26122020
77.20.27.187,DE,26122020
122.118.41.128,TW,26122020
67.10.61.89,US,26122020
58.153.63.140,HK,26122020
1.36.225.191,HK,26122020
191.179.14.71,BR,26122020
182.229.132.64,KR,26122020
81.162.121.56,UA,26122020
210.105.135.82,KR,26122020
218.166.182.21,TW,26122020
212.225.169.187,ES,26122020
175.182.10.128,TW,26122020
58.153.180.245,HK,26122020
218.250.210.134,HK,26122020
142.160.219.129,CA,26122020
116.241.118.51,TW,26122020
213.103.128.7,SE,26122020
212.47.230.100,FR,26122020
89.208.112.158,RU,26122020
36.234.142.72,TW,26122020
5.187.41.173,RU,26122020
210.91.184.151,KR,26122020
188.148.160.86,NO,26122020
27.2.184.123,VN,26122020
183.178.165.228,HK,26122020
166.48.34.241,CA,26122020
119.236.65.81,HK,26122020
46.148.106.89,RU,26122020
223.17.40.150,HK,26122020
190.203.110.20,VE,26122020
218.102.230.250,HK,26122020
203.222.12.138,TW,26122020
179.247.56.199,BR,26122020
179.84.130.238,BR,26122020
176.107.199.88,UA,26122020
93.177.213.58,LV,26122020
119.236.18.234,HK,26122020
121.183.124.229,KR,26122020
112.119.210.79,HK,26122020
61.223.85.79,TW,26122020
201.210.103.57,VE,26122020
178.216.37.41,RU,26122020
27.2.240.245,VN,26122020
77.121.211.230,UA,26122020
123.203.100.62,HK,26122020
85.229.168.154,SE,26122020
59.9.180.97,KR,26122020
114.198.161.232,TW,26122020
181.197.156.32,PA,26122020
123.185.109.155,CN,26122020
223.16.70.152,HK,26122020
219.79.65.30,HK,26122020
186.188.142.19,PA,26122020
119.14.11.142,TW,26122020
219.78.73.118,HK,26122020
135.19.52.55,CA,26122020
181.160.5.129,CL,26122020
31.208.246.68,SE,26122020
218.250.8.59,HK,26122020
207.237.108.34,US,26122020
37.57.179.169,UA,26122020
178.148.146.93,RS,26122020
181.198.150.131,EC,26122020
37.139.97.122,UA,26122020
110.182.186.106,CN,26122020
72.140.128.223,CA,26122020
79.12.196.88,IT,26122020
82.102.83.240,CY,26122020
220.76.227.16,KR,26122020
183.162.224.41,CN,26122020
27.2.68.222,VN,26122020
210.209.211.2,TW,26122020
111.185.128.29,TW,26122020
59.0.82.1,KR,26122020
124.55.159.28,KR,26122020
93.105.96.218,PL,26122020
221.127.65.76,HK,26122020
190.37.113.186,VE,26122020
112.72.170.42,KR,26122020
181.163.88.189,CL,26122020
87.225.17.40,RU,26122020
195.139.207.102,NO,26122020
201.242.152.201,VE,26122020
42.3.165.88,HK,26122020
176.148.130.19,FR,26122020
61.223.7.40,TW,26122020
223.17.152.244,HK,26122020
113.255.9.247,HK,26122020
219.79.216.97,HK,26122020
89.201.47.109,LV,26122020
159.224.20.79,UA,26122020
24.202.168.233,CA,26122020
188.148.171.72,NO,26122020
59.24.180.43,KR,26122020
42.2.218.197,HK,26122020
85.229.79.112,SE,26122020
119.202.139.134,KR,26122020
176.117.34.29,RU,26122020
188.190.24.248,UA,26122020
117.146.55.230,CN,26122020
78.85.207.46,RU,26122020
1.64.114.64,HK,26122020
51.171.246.148,IE,26122020
82.244.172.69,FR,26122020
14.36.154.242,KR,26122020
206.217.7.39,US,26122020
220.120.148.115,KR,26122020
220.176.137.62,CN,26122020
31.132.124.199,RU,26122020
125.231.87.127,TW,26122020
119.236.49.228,HK,26122020
83.246.147.10,RU,26122020
188.239.114.181,UA,26122020
122.121.155.149,TW,26122020
91.126.47.121,ES,26122020
121.152.118.133,KR,26122020
143.131.208.218,US,26122020
181.160.10.198,CL,26122020
177.223.73.135,BR,26122020
168.70.80.181,HK,26122020
118.160.209.29,TW,26122020
84.17.60.236,IT,26122020
117.146.52.136,CN,26122020
188.148.137.67,NO,26122020
219.78.18.69,HK,26122020
46.46.111.201,UA,26122020
100.84.118.150,,26122020
42.2.110.192,HK,26122020
113.253.179.90,HK,26122020
61.58.190.13,TW,26122020
177.199.253.245,BR,26122020
181.197.91.25,PA,26122020
58.152.222.1,HK,26122020
221.179.87.160,CN,26122020
190.77.126.251,VE,26122020
114.36.148.97,TW,26122020
175.207.154.248,KR,26122020
181.197.154.40,PA,26122020
112.120.223.27,HK,26122020
112.104.148.201,TW,26122020
179.247.17.135,BR,26122020
14.192.204.184,MY,26122020
121.154.95.34,KR,26122020
80.217.150.31,SE,26122020
181.163.71.31,CL,26122020
176.38.220.75,UA,26122020
83.209.162.183,SE,26122020
58.153.182.5,HK,26122020
46.118.108.239,UA,26122020
92.49.241.91,KZ,26122020
108.175.128.41,CA,26122020
188.208.110.201,RO,26122020
42.98.110.230,HK,26122020
61.92.183.109,HK,26122020
188.148.185.180,NO,26122020
62.12.77.210,CY,26122020
100.64.118.207,,26122020
223.17.137.25,HK,26122020
82.209.70.143,RU,26122020
221.127.25.54,HK,26122020
84.238.120.179,DK,26122020
190.140.10.235,PA,26122020
50.29.214.155,US,26122020
219.77.158.171,HK,26122020
110.182.184.39,CN,26122020
89.154.215.154,PT,26122020
201.71.61.186,,26122020
218.102.138.135,HK,26122020
46.162.118.136,SE,26122020
159.224.245.190,UA,26122020
83.248.180.13,SE,26122020
42.3.97.219,HK,26122020
182.155.175.187,TW,26122020
59.20.15.219,KR,26122020
69.59.89.55,US,26122020
203.218.232.35,HK,26122020
36.232.46.197,TW,26122020
201.210.90.30,VE,26122020
83.226.41.14,SE,26122020
218.250.119.97,HK,26122020
1.65.150.60,HK,26122020
95.132.230.158,UA,26122020
122.118.11.75,TW,26122020
112.118.29.130,HK,26122020
222.103.180.15,KR,26122020
220.92.197.11,KR,26122020
81.198.106.66,LV,26122020
183.103.64.226,KR,26122020
83.226.187.205,SE,26122020
175.208.229.190,KR,26122020
46.201.183.235,UA,26122020
112.104.14.117,TW,26122020
220.117.98.213,KR,26122020
83.191.172.161,SE,26122020
186.94.51.20,VE,26122020
42.2.16.99,HK,26122020
86.100.88.76,LT,26122020
92.51.57.98,MD,26122020
190.140.56.239,PA,26122020
219.79.80.184,HK,26122020
118.220.12.34,KR,26122020
113.254.246.189,HK,26122020
188.148.191.39,NO,26122020
119.218.82.43,KR,26122020
174.44.53.123,US,26122020
218.164.96.250,TW,26122020
201.242.165.136,VE,26122020
186.93.101.67,VE,26122020
73.56.147.74,US,26122020
201.220.113.135,CL,26122020
24.186.172.67,US,26122020
5.95.248.118,IT,26122020
1.173.141.178,TW,26122020
117.146.53.206,CN,26122020
91.248.44.70,DE,26122020
5.79.202.66,RU,26122020
200.44.222.250,VE,26122020
190.206.255.251,VE,26122020
62.212.44.155,GE,26122020
114.204.144.103,KR,26122020
24.224.195.185,CA,26122020
125.59.107.205,HK,26122020
181.163.94.141,CL,26122020
218.102.76.78,HK,26122020
31.208.209.161,SE,26122020
59.13.200.168,KR,26122020
179.209.201.84,BR,26122020
14.124.9.173,CN,26122020
190.36.129.249,VE,26122020
123.205.122.56,TW,26122020
190.219.222.24,PA,26122020
192.121.247.26,AU,26122020
58.153.19.140,HK,26122020
109.191.42.19,RU,26122020
58.153.154.109,HK,26122020
220.126.203.150,KR,26122020
218.102.169.147,HK,26122020
219.78.169.164,HK,26122020
112.164.253.236,KR,26122020
175.208.175.228,KR,26122020
116.48.58.21,HK,26122020
220.246.245.126,HK,26122020
112.118.57.8,HK,26122020
119.237.110.31,HK,26122020
78.85.49.202,RU,26122020
175.200.221.226,KR,26122020
27.2.74.157,VN,26122020
176.121.247.160,UA,26122020
113.254.225.149,HK,26122020
24.52.245.183,CA,26122020
14.124.8.73,CN,26122020
218.156.166.24,KR,26122020
36.239.44.95,TW,26122020
190.219.46.106,PA,26122020
36.239.34.155,TW,26122020
76.127.209.108,US,26122020
114.29.11.26,KR,26122020
100.64.6.50,,26122020
211.197.96.239,KR,26122020
213.66.227.240,SE,26122020
114.199.225.24,KR,26122020
200.168.75.124,BR,26122020
46.66.190.246,NO,26122020
112.120.223.44,HK,26122020
167.60.147.159,UY,26122020
1.174.197.249,TW,26122020
117.146.52.56,CN,26122020
191.252.202.229,BR,26122020
221.124.127.66,HK,26122020
222.166.84.47,HK,26122020
85.228.167.64,SE,26122020
100.83.20.60,,26122020
151.177.228.131,SE,26122020
181.226.112.233,CL,26122020
168.70.110.123,HK,26122020
187.127.247.166,BR,26122020
190.219.20.153,PA,26122020
178.217.77.136,RU,26122020
173.70.125.101,US,26122020
92.49.185.233,RU,26122020
111.33.31.67,CN,26122020
223.16.63.241,HK,26122020
83.254.22.45,SE,26122020
223.16.201.17,HK,26122020
90.142.60.13,SE,26122020
221.127.72.51,HK,26122020
88.129.190.26,SE,26122020
188.148.184.206,NO,26122020
24.205.88.137,US,26122020
52.124.101.71,CA,26122020
181.160.9.244,CL,26122020
119.236.253.35,HK,26122020
111.251.27.241,TW,26122020
221.164.17.186,KR,26122020
90.248.156.249,GB,26122020
80.254.209.180,LV,26122020
115.21.115.48,KR,26122020
109.228.130.65,SE,26122020
141.136.94.237,AM,26122020
58.153.170.238,HK,26122020
118.44.72.92,KR,26122020
79.165.0.237,RU,26122020
119.236.127.137,HK,26122020
119.236.171.212,HK,26122020
183.162.224.26,CN,26122020
220.246.201.194,HK,26122020
178.235.230.142,PL,26122020
179.67.33.112,BR,26122020
213.113.121.41,SE,26122020
116.88.58.203,SG,26122020
84.238.124.57,DK,26122020
221.149.112.17,KR,26122020
101.108.159.212,TH,26122020
81.234.100.208,SE,26122020
191.203.114.153,BR,26122020
46.173.105.167,UA,26122020
220.83.52.137,KR,26122020
218.250.200.238,HK,26122020
37.9.31.147,KZ,26122020
91.126.207.79,ES,26122020
64.145.79.88,US,26122020
223.16.56.189,HK,26122020
218.102.100.157,HK,26122020
190.229.14.11,AR,26122020
203.218.245.222,HK,26122020
31.202.43.47,UA,26122020
91.126.206.71,ES,26122020
175.200.221.121,KR,26122020
219.78.126.134,HK,26122020
116.48.98.106,HK,26122020
109.87.82.211,UA,26122020
36.239.35.183,TW,26122020
149.34.16.124,ES,26122020
24.35.102.118,US,26122020
116.49.213.130,HK,26122020
123.50.40.228,TW,26122020
87.97.194.31,BG,26122020
190.79.243.66,VE,26122020
46.109.41.227,LV,26122020
218.102.237.55,HK,26122020
175.200.212.3,KR,26122020
188.148.176.14,NO,26122020
123.204.132.231,TW,26122020
170.238.185.156,BR,26122020
182.155.3.236,TW,26122020
113.254.228.33,HK,26122020
178.44.147.169,RU,26122020
211.33.133.67,KR,26122020
211.226.55.15,KR,26122020
181.226.251.173,CL,26122020
95.71.188.55,RU,26122020
58.153.178.113,HK,26122020
42.2.17.99,HK,26122020
219.78.7.194,HK,26122020
61.93.189.44,HK,26122020
217.144.187.218,RU,26122020
91.126.195.74,ES,26122020
185.59.56.50,RU,26122020
183.162.224.15,CN,26122020
112.118.50.50,HK,26122020
113.254.28.134,HK,26122020
46.226.165.44,RU,26122020
54.36.122.216,FR,26122020
191.208.43.104,BR,26122020
42.3.17.55,HK,26122020
218.250.142.172,HK,26122020
221.127.68.66,HK,26122020
183.100.216.195,KR,26122020
112.119.154.130,HK,26122020
221.179.87.157,CN,26122020
42.2.153.230,HK,26122020
117.146.55.197,CN,26122020
219.92.109.75,MY,26122020
173.237.96.155,CA,26122020
72.28.207.145,US,26122020
190.140.141.153,PA,26122020
117.146.55.50,CN,26122020
82.193.112.66,UA,26122020
39.109.224.249,SG,26122020
91.229.165.224,UZ,26122020
42.2.223.218,HK,26122020
42.2.21.30,HK,26122020
58.153.60.116,HK,26122020
113.61.191.148,TW,26122020
46.118.111.210,UA,26122020
117.146.55.36,CN,26122020
167.57.191.207,UY,26122020
114.38.81.37,TW,26122020
219.77.179.7,HK,26122020
222.234.138.2,KR,26122020
175.206.248.115,KR,26122020
116.241.165.59,TW,26122020
119.246.183.88,HK,26122020
78.30.192.119,UA,26122020
118.45.184.109,KR,26122020
1.65.169.4,HK,26122020
110.182.189.139,CN,26122020
181.160.15.122,CL,26122020
123.110.101.213,TW,26122020
101.99.95.18,MY,26122020
123.241.171.129,TW,26122020
190.217.167.92,CL,26122020
99.234.142.6,CA,26122020
58.153.141.32,HK,26122020
92.170.130.78,FR,26122020
93.103.30.123,SI,26122020
46.173.75.44,RU,26122020
190.199.252.214,VE,26122020
24.215.73.224,CA,26122020
218.154.21.22,KR,26122020
149.34.23.168,ES,26122020
173.245.203.201,US,26122020
42.2.182.120,HK,26122020
78.30.194.10,UA,26122020
82.154.209.76,PT,26122020
61.74.236.89,KR,26122020
219.78.1.41,HK,26122020
222.118.30.120,KR,26122020
46.173.69.219,RU,26122020
168.70.111.28,HK,26122020
218.250.13.3,HK,26122020
42.2.153.202,HK,26122020
81.170.159.31,SE,26122020
89.185.26.29,UA,26122020
203.204.127.130,TW,26122020
124.109.50.213,PK,26122020
24.54.93.183,CA,26122020
37.25.75.147,FR,26122020
117.146.53.209,CN,26122020
181.162.24.206,CL,26122020
219.79.219.24,HK,26122020
123.185.109.239,CN,26122020
125.59.175.147,HK,26122020
182.91.126.189,CN,26122020
190.140.89.52,PA,26122020
123.185.108.124,CN,26122020
203.218.96.103,HK,26122020
46.173.92.42,RU,26122020
114.30.57.19,KR,26122020
82.102.115.131,CY,26122020
95.247.144.28,IT,26122020
109.191.73.23,RU,26122020
118.36.21.147,KR,26122020
36.228.118.198,TW,26122020
112.118.194.24,HK,26122020
167.60.196.82,UY,26122020
60.246.254.232,MO,26122020
24.48.18.248,CA,26122020
1.165.122.118,TW,26122020
61.224.91.121,TW,26122020
119.237.150.6,HK,26122020
37.57.65.189,UA,26122020
93.75.167.45,UA,26122020
221.127.8.172,HK,26122020
190.140.194.201,PA,26122020
168.70.61.240,HK,26122020
221.127.2.108,HK,26122020
112.120.131.2,HK,26122020
80.217.10.65,SE,26122020
116.241.122.94,TW,26122020
93.74.156.117,UA,26122020
113.255.155.75,HK,26122020
222.164.37.142,SG,26122020
27.2.148.104,VN,26122020
119.237.175.75,HK,26122020
189.97.177.1,BR,26122020
186.89.34.65,VE,26122020
113.254.17.174,HK,26122020
219.79.134.193,HK,26122020
203.218.145.15,HK,26122020
119.237.81.33,HK,26122020
221.165.14.132,KR,26122020
91.152.159.174,FI,26122020
91.126.45.165,ES,26122020
193.234.32.144,SE,26122020
61.65.104.67,TW,26122020
58.153.210.34,HK,26122020
92.34.144.162,SE,26122020
76.16.154.195,US,26122020
194.42.146.39,CY,26122020
203.222.20.218,TW,26122020
167.60.150.210,UY,26122020
117.146.53.214,CN,26122020
64.44.55.116,US,26122020
27.96.237.221,TW,26122020
121.168.83.191,KR,26122020
188.116.138.117,RU,26122020
87.110.90.158,LV,26122020
117.146.55.48,CN,26122020
168.70.33.219,HK,26122020
183.162.230.101,CN,26122020
220.246.208.215,HK,26122020
210.209.145.187,TW,26122020
186.188.200.109,PA,26122020
93.77.168.101,UA,26122020
59.20.15.134,KR,26122020
113.254.249.241,HK,26122020
211.107.90.24,KR,26122020
188.239.115.137,UA,26122020
187.101.104.221,BR,26122020
175.200.212.135,KR,26122020
186.95.129.223,VE,26122020
111.251.174.175,TW,26122020
14.124.10.93,CN,26122020
190.77.64.5,VE,26122020
119.237.111.166,HK,26122020
152.243.60.38,BR,26122020
125.231.88.116,TW,26122020
181.120.135.133,PY,26122020
37.1.50.73,RU,26122020
181.160.6.89,CL,26122020
85.228.240.20,SE,26122020
187.50.47.98,BR,26122020
223.16.155.247,HK,26122020
181.226.96.170,CL,26122020
109.251.73.168,UA,26122020
65.184.155.213,US,26122020
61.85.31.125,KR,26122020
113.252.206.142,HK,26122020
42.98.238.3,HK,26122020
146.247.254.150,SE,26122020
1.36.74.55,HK,26122020
220.78.126.177,KR,26122020
36.232.46.190,TW,26122020
220.141.131.114,TW,26122020
190.219.227.44,PA,26122020
59.29.150.172,KR,26122020
59.11.67.75,KR,26122020
58.140.228.56,KR,26122020
92.167.41.145,FR,26122020
223.17.1.164,HK,26122020
109.191.10.236,RU,26122020
75.189.203.32,US,26122020
111.254.110.15,TW,26122020
220.246.207.37,HK,26122020
42.2.111.152,HK,26122020
123.0.201.209,TW,26122020
42.98.185.227,HK,26122020
218.50.248.75,KR,26122020
76.173.130.7,US,26122020
192.71.101.154,SE,26122020
92.112.163.223,UA,26122020
59.30.194.136,KR,26122020
218.102.81.52,HK,26122020
190.219.120.51,PA,26122020
222.103.180.49,KR,26122020
116.49.169.160,HK,26122020
222.103.180.16,KR,26122020
139.55.177.97,US,26122020
92.49.138.35,RU,26122020
183.179.110.5,HK,26122020
66.75.75.128,US,26122020
119.202.139.126,KR,26122020
101.99.95.86,MY,26122020
85.130.2.121,BG,26122020
149.34.18.119,ES,26122020
99.238.101.203,CA,26122020
35.137.122.64,US,26122020
206.217.11.121,US,26122020
121.254.124.131,TW,26122020
121.55.231.241,GU,26122020
175.180.80.153,TW,26122020
182.234.42.27,TW,26122020
67.245.124.249,US,26122020
219.79.135.1,HK,26122020
5.79.252.197,RU,26122020
213.103.131.144,SE,26122020
42.2.102.97,HK,26122020
179.165.87.223,BR,26122020
42.2.110.196,HK,26122020
186.188.174.182,PA,26122020
190.206.147.109,VE,26122020
203.218.14.27,HK,26122020
1.36.163.153,HK,26122020
42.2.29.123,HK,26122020
202.133.209.44,SG,26122020
114.204.202.209,KR,26122020
49.167.119.20,KR,26122020
118.160.145.244,TW,26122020
58.153.181.107,HK,26122020
182.155.155.243,TW,26122020
181.163.75.214,CL,26122020
181.163.69.170,CL,26122020
223.16.63.7,HK,26122020
117.146.55.102,CN,26122020
89.160.95.16,SE,26122020
219.78.72.37,HK,26122020
188.151.50.139,SE,26122020
188.247.181.56,KZ,26122020
2.44.154.192,IT,26122020
219.78.169.111,HK,26122020
59.4.163.154,KR,26122020
178.150.201.244,UA,26122020
221.160.210.166,KR,26122020
104.175.100.204,US,26122020
69.47.119.210,US,26122020
183.162.224.29,CN,26122020
81.215.199.141,TR,26122020
58.152.185.238,HK,26122020
76.185.29.168,US,26122020
206.41.87.22,CA,26122020
117.191.68.144,CN,26122020
121.136.123.213,KR,26122020
219.78.129.98,HK,26122020
27.2.155.181,VN,26122020
219.70.212.116,TW,26122020
223.18.142.23,HK,26122020
70.184.208.94,US,26122020
112.187.245.132,KR,26122020
203.232.49.128,KR,26122020
85.224.193.67,SE,26122020
109.197.255.44,RU,26122020
180.167.195.139,CN,26122020
85.228.166.254,SE,26122020
212.86.43.87,DE,26122020
183.162.230.71,CN,26122020
178.54.165.18,UA,26122020
213.102.85.182,SE,26122020
113.253.223.136,HK,26122020
181.160.6.61,CL,26122020
218.103.162.97,HK,26122020
219.78.99.127,HK,26122020
113.252.254.214,HK,26122020
147.75.80.110,US,26122020
112.105.115.75,TW,26122020
179.89.167.104,BR,26122020
117.146.53.238,CN,26122020
221.127.23.16,HK,26122020
85.224.86.38,SE,26122020
183.162.224.50,CN,26122020
134.249.165.110,UA,26122020
58.153.32.186,HK,26122020
222.119.27.229,KR,26122020
201.32.129.185,BR,26122020
185.207.156.218,DE,26122020
188.148.168.238,NO,26122020
112.118.232.121,HK,26122020
211.250.133.218,KR,26122020
190.121.123.11,CL,26122020
223.17.118.169,HK,26122020
179.231.174.27,BR,26122020
27.2.166.21,VN,26122020
176.100.59.73,UA,26122020
1.169.134.20,TW,26122020
123.241.165.206,TW,26122020
118.45.124.196,KR,26122020
187.122.29.49,BR,26122020
119.96.26.239,CN,26122020
119.237.108.242,HK,26122020
203.218.170.119,HK,26122020
62.220.183.208,SE,26122020
167.57.233.208,UY,26122020
116.241.118.250,TW,26122020
114.46.73.120,TW,26122020
111.242.124.55,TW,26122020
200.46.148.41,PA,26122020
77.123.194.5,UA,26122020
1.168.47.28,TW,26122020
217.211.215.147,SE,26122020
125.137.150.154,KR,26122020
36.238.15.15,TW,26122020
144.132.168.21,AU,26122020
116.49.150.136,HK,26122020
85.168.160.185,FR,26122020
190.8.96.13,CL,26122020
116.86.144.43,SG,26122020
87.123.118.35,DE,26122020
100.75.188.158,,26122020
222.96.195.189,KR,26122020
93.78.131.9,UA,26122020
183.162.230.72,CN,26122020
187.117.132.51,BR,26122020
116.49.241.212,HK,26122020
85.218.247.36,DK,26122020
121.125.251.91,KR,26122020
218.250.161.120,HK,26122020
1.36.183.210,HK,26122020
116.88.31.94,SG,26122020
46.66.181.88,NO,26122020
181.197.59.227,PA,26122020
219.79.156.235,HK,26122020
181.160.2.158,CL,26122020
190.218.138.110,PA,26122020
42.2.190.88,HK,26122020
78.137.46.233,UA,26122020
223.16.36.100,HK,26122020
181.160.6.16,CL,26122020
189.97.139.16,BR,26122020
111.249.8.52,TW,26122020
24.102.223.19,US,26122020
218.166.182.80,TW,26122020
219.73.37.246,HK,26122020
58.152.158.73,HK,26122020
219.79.130.223,HK,26122020
114.36.101.89,TW,26122020
85.224.78.45,SE,26122020
58.153.132.225,HK,26122020
42.2.177.149,HK,26122020
222.103.180.51,KR,26122020
208.107.58.52,US,26122020
46.33.229.135,UA,26122020
190.219.203.248,PA,26122020
219.79.63.210,HK,26122020
46.174.83.66,RU,26122020
221.179.87.140,CN,26122020
160.242.62.144,NA,26122020
221.179.87.179,CN,26122020
95.245.72.195,IT,26122020
168.70.127.175,HK,26122020
125.59.18.87,HK,26122020
46.72.189.48,RU,26122020
90.248.3.120,GB,26122020
123.185.108.183,CN,26122020
77.56.144.41,CH,26122020
190.133.168.36,UY,26122020
193.142.114.100,UA,26122020
58.232.24.222,KR,26122020
24.212.233.131,CA,26122020
60.246.184.102,MO,26122020
1.65.131.67,HK,26122020
121.177.84.179,KR,26122020
93.73.83.206,UA,26122020
117.146.55.253,CN,26122020
112.187.91.91,KR,26122020
116.49.206.36,HK,26122020
80.111.244.13,IE,26122020
123.240.220.61,TW,26122020
181.160.9.100,CL,26122020
5.165.65.228,RU,26122020
37.57.160.23,UA,26122020
223.19.42.57,HK,26122020
206.217.8.43,US,26122020
222.96.201.26,KR,26122020
59.14.67.152,KR,26122020
1.65.148.125,HK,26122020
218.173.80.141,TW,26122020
85.152.245.101,ES,26122020
58.123.62.94,KR,26122020
119.14.175.24,TW,26122020
183.162.224.32,CN,26122020
149.129.138.104,IN,26122020
112.172.225.171,KR,26122020
190.140.90.38,PA,26122020
188.151.56.216,SE,26122020
161.184.189.94,CA,26122020
172.223.111.12,US,26122020
61.227.139.73,TW,26122020
27.3.230.36,VN,26122020
179.231.147.175,BR,26122020
121.160.207.12,KR,26122020
100.111.1.173,,26122020
46.173.72.171,RU,26122020
119.196.149.242,KR,26122020
114.38.103.235,TW,26122020
161.81.66.25,US,26122020
46.173.83.201,RU,26122020
125.59.6.98,HK,26122020
61.223.6.177,TW,26122020
219.78.102.77,HK,26122020
100.73.26.4,,26122020
117.146.55.250,CN,26122020
125.224.87.225,TW,26122020
5.105.209.211,UA,26122020
218.103.197.42,HK,26122020
125.59.190.91,HK,26122020
190.73.108.171,VE,26122020
125.129.150.114,KR,26122020
112.133.176.84,KR,26122020
31.132.118.193,RU,26122020
46.173.73.226,RU,26122020
87.96.153.47,SE,26122020
149.34.16.116,ES,26122020
78.84.219.42,LV,26122020
210.106.122.154,KR,26122020
179.85.57.179,BR,26122020
36.231.207.153,TW,26122020
117.146.55.231,CN,26122020
119.237.91.152,HK,26122020
134.249.198.44,UA,26122020
45.51.183.239,US,26122020
218.49.60.46,KR,26122020
42.2.110.71,HK,26122020
116.49.190.45,HK,26122020
209.107.216.173,US,26122020
218.212.66.193,SG,26122020
121.188.114.134,KR,26122020
82.64.245.15,FR,26122020
176.105.17.36,UA,26122020
116.49.240.57,HK,26122020
176.100.54.155,KZ,26122020
119.202.139.39,KR,26122020
87.236.95.17,SE,26122020
125.137.150.145,KR,26122020
219.79.90.132,HK,26122020
181.197.164.41,PA,26122020
212.96.241.88,PL,26122020
203.218.30.86,HK,26122020
37.139.100.17,UA,26122020
219.77.84.167,HK,26122020
93.78.171.4,UA,26122020
220.129.180.202,TW,26122020
222.97.116.196,KR,26122020
2.27.89.16,GB,26122020
176.110.6.226,UA,26122020
219.78.126.25,HK,26122020
155.4.139.21,SE,26122020
210.105.135.51,KR,26122020
190.218.159.68,PA,26122020
27.2.149.242,VN,26122020
42.3.83.161,HK,26122020
117.146.55.29,CN,26122020
47.55.206.8,CA,26122020
190.38.65.157,VE,26122020
223.16.164.128,HK,26122020
116.49.25.252,HK,26122020
58.153.154.158,HK,26122020
1.36.193.167,HK,26122020
179.220.42.161,BR,26122020
61.224.92.37,TW,26122020
121.183.231.169,KR,26122020
77.50.109.42,RU,26122020
191.208.55.93,BR,26122020
58.153.12.77,HK,26122020
181.160.13.13,CL,26122020
27.2.74.68,VN,26122020
179.56.70.246,CL,26122020
59.102.253.211,TW,26122020
218.250.73.26,HK,26122020
101.127.159.202,SG,26122020
87.96.188.175,SE,26122020
101.99.95.125,MY,26122020
119.237.21.92,HK,26122020
190.140.131.26,PA,26122020
119.236.236.218,HK,26122020
167.60.168.2,UY,26122020
42.98.139.190,HK,26122020
223.16.55.168,HK,26122020
14.45.148.170,KR,26122020
1.36.163.92,HK,26122020
181.163.93.240,CL,26122020
58.152.166.191,HK,26122020
122.121.152.97,TW,26122020
58.152.139.70,HK,26122020
219.79.92.159,HK,26122020
122.121.112.62,TW,26122020
112.118.176.103,HK,26122020
123.185.108.84,CN,26122020
219.77.248.77,HK,26122020
223.18.21.40,HK,26122020
175.204.210.110,KR,26122020
42.98.185.190,HK,26122020
213.238.234.88,SE,26122020
188.239.110.68,UA,26122020
210.209.131.209,TW,26122020
167.57.209.115,UY,26122020
1.169.67.19,TW,26122020
179.168.200.204,BR,26122020
116.49.58.40,HK,26122020
58.152.234.229,HK,26122020
219.79.92.180,HK,26122020
222.114.49.152,KR,26122020
121.167.204.204,KR,26122020
190.218.216.67,PA,26122020
24.224.77.146,US,26122020
149.90.8.162,PT,26122020
89.247.206.64,DE,26122020
68.173.56.242,US,26122020
113.255.240.102,HK,26122020
85.225.32.68,SE,26122020
186.71.109.219,EC,26122020
151.177.231.179,SE,26122020
87.225.17.39,RU,26122020
119.237.97.127,HK,26122020
1.174.23.200,TW,26122020
219.79.8.249,HK,26122020
178.150.95.206,UA,26122020
42.2.162.135,HK,26122020
222.233.112.84,KR,26122020
221.179.87.183,CN,26122020
222.119.20.30,KR,26122020
125.140.171.18,KR,26122020
220.119.171.177,KR,26122020
60.246.25.19,MO,26122020
95.46.225.28,RU,26122020
121.254.76.208,TW,26122020
190.141.175.21,PA,26122020
75.191.144.69,US,26122020
122.121.153.63,TW,26122020
183.107.166.91,KR,26122020
121.128.91.27,KR,26122020
147.75.70.221,US,26122020
151.177.225.72,SE,26122020
46.118.82.58,UA,26122020
1.174.145.129,TW,26122020
24.228.33.208,US,26122020
42.2.110.57,HK,26122020
219.79.47.132,HK,26122020
181.160.9.250,CL,26122020
101.99.95.208,MY,26122020
119.237.163.220,HK,26122020
91.105.56.94,LV,26122020
46.173.85.251,RU,26122020
119.237.21.74,HK,26122020
113.255.28.56,HK,26122020
110.182.248.89,CN,26122020
94.136.74.222,SE,26122020
178.44.219.36,RU,26122020
116.48.233.203,HK,26122020
221.149.48.14,KR,26122020
88.129.164.65,SE,26122020
116.49.231.184,HK,26122020
117.71.99.248,CN,26122020
81.224.101.212,SE,26122020
197.202.74.104,DZ,26122020
92.49.167.157,RU,26122020
188.148.189.42,NO,26122020
210.209.159.102,TW,26122020
190.218.181.7,PA,26122020
178.92.49.177,UA,26122020
123.110.59.105,TW,26122020
113.252.189.166,HK,26122020
121.159.23.233,KR,26122020
118.45.124.239,KR,26122020
113.255.57.184,HK,26122020
114.36.101.133,TW,26122020
181.162.23.165,CL,26122020
181.226.44.60,CL,26122020
211.51.126.199,KR,26122020
219.78.177.182,HK,26122020
190.141.228.53,PA,26122020
24.230.104.43,US,26122020
104.138.224.49,US,26122020
221.179.87.171,CN,26122020
203.218.239.163,HK,26122020
219.77.173.62,HK,26122020
112.120.175.62,HK,26122020
103.112.159.190,BD,26122020
222.164.51.47,SG,26122020
93.75.163.242,UA,26122020
79.134.41.116,KZ,26122020
175.200.222.147,KR,26122020
211.197.96.160,KR,26122020
183.162.224.24,CN,26122020
179.67.109.149,BR,26122020
221.179.87.178,CN,26122020
90.231.204.119,SE,26122020
223.16.63.111,HK,26122020
110.182.189.172,CN,26122020
146.120.173.38,RU,26122020
219.70.176.53,TW,26122020
118.31.186.153,CN,26122020
219.70.135.59,TW,26122020
190.39.56.162,VE,26122020
113.252.203.57,HK,26122020
220.246.142.68,HK,26122020
177.193.42.170,BR,26122020
77.140.1.235,FR,26122020
41.83.90.142,SN,26122020
189.110.115.115,BR,26122020
177.136.213.228,BR,26122020
192.121.247.27,AU,26122020
46.173.87.5,RU,26122020
36.153.26.18,CN,26122020
189.250.13.69,MX,26122020
219.77.160.213,HK,26122020
161.81.211.142,US,26122020
81.84.7.126,PT,26122020
42.98.89.104,HK,26122020
150.117.112.91,TW,26122020
114.38.67.218,TW,26122020
81.202.117.103,ES,26122020
221.124.83.18,HK,26122020
81.88.155.122,KZ,26122020
188.239.23.119,UA,26122020
59.17.15.38,KR,26122020
73.239.121.20,US,26122020
186.70.77.40,EC,26122020
220.77.210.241,KR,26122020
31.41.52.215,UA,26122020
1.65.216.32,HK,26122020
223.19.29.254,HK,26122020
207.204.90.14,JM,26122020
191.203.119.30,BR,26122020
59.9.18.124,KR,26122020
191.14.199.59,BR,26122020
83.249.206.201,SE,26122020
212.86.58.156,DE,26122020
110.182.225.27,CN,26122020
122.121.155.54,TW,26122020
77.121.211.139,UA,26122020
183.162.224.16,CN,26122020
58.153.132.86,HK,26122020
77.110.45.96,SE,26122020
177.170.247.54,BR,26122020
223.16.61.37,HK,26122020
119.237.142.199,HK,26122020
190.140.209.179,PA,26122020
87.225.17.41,RU,26122020
117.146.55.228,CN,26122020
183.104.121.170,KR,26122020
178.74.37.90,NO,26122020
188.214.224.136,ES,26122020
167.60.253.241,UY,26122020
218.166.210.133,TW,26122020
46.173.68.22,RU,26122020
46.173.68.249,RU,26122020
175.200.212.188,KR,26122020
119.236.150.187,HK,26122020
219.77.58.78,HK,26122020
100.73.187.21,,26122020
188.151.10.8,SE,26122020
217.31.165.249,SE,26122020
85.226.138.181,SE,26122020
178.151.126.104,UA,26122020
179.92.157.93,BR,26122020
183.162.230.73,CN,26122020
58.153.207.233,HK,26122020
218.153.164.124,KR,26122020
24.215.98.94,CA,26122020
14.124.9.130,CN,26122020
79.80.68.179,FR,26122020
112.185.56.167,KR,26122020
119.206.148.186,KR,26122020
175.183.0.121,TW,26122020
1.64.85.6,HK,26122020
46.109.137.66,LV,26122020
113.74.255.106,CN,26122020
37.53.228.226,UA,26122020
181.47.196.69,AR,26122020
219.79.1.55,HK,26122020
46.173.75.162,RU,26122020
183.250.168.222,CN,26122020
172.72.92.104,US,26122020
189.34.130.47,BR,26122020
91.250.26.87,UA,26122020
125.137.134.175,KR,26122020
122.118.3.179,TW,26122020
106.254.74.22,KR,26122020
175.200.215.116,KR,26122020
31.202.201.247,UA,26122020
61.223.2.189,TW,26122020
79.36.43.47,IT,26122020
27.2.160.226,VN,26122020
116.49.172.17,HK,26122020
89.28.114.102,MD,26122020
189.61.27.198,BR,26122020
112.220.240.116,KR,26122020
112.185.56.187,KR,26122020
42.2.252.54,HK,26122020
117.146.53.204,CN,26122020
112.197.139.37,VN,26122020
61.74.187.149,KR,26122020
211.196.202.164,KR,26122020
42.2.110.207,HK,26122020
91.126.237.97,ES,26122020
46.109.28.19,LV,26122020
149.34.23.216,ES,26122020
182.100.60.227,CN,26122020
218.250.211.61,HK,26122020
191.186.83.225,BR,26122020
176.100.54.168,KZ,26122020
181.163.69.141,CL,26122020
123.240.213.224,TW,26122020
167.60.247.89,UY,26122020
179.85.198.8,BR,26122020
183.162.230.27,CN,26122020
118.45.124.165,KR,26122020
223.13.31.55,CN,26122020
58.153.177.223,HK,26122020
183.103.1.171,KR,26122020
223.16.52.97,HK,26122020
181.163.82.34,CL,26122020
183.102.99.11,KR,26122020
185.204.157.60,RU,26122020
112.119.230.189,HK,26122020
116.49.183.186,HK,26122020
220.119.171.145,KR,26122020
181.163.73.87,CL,26122020
117.146.55.30,CN,26122020
192.165.195.88,SE,26122020
175.199.165.189,KR,26122020
93.76.177.110,UA,26122020
83.254.225.135,SE,26122020
183.162.224.44,CN,26122020
190.218.182.175,PA,26122020
91.126.46.44,ES,26122020
37.145.26.157,RU,26122020
220.77.19.201,KR,26122020
188.239.108.185,UA,26122020
78.82.143.40,SE,26122020
36.235.254.24,TW,26122020
24.230.143.117,US,26122020
112.186.89.117,KR,26122020
113.252.226.105,HK,26122020
210.209.146.67,TW,26122020
220.246.172.126,HK,26122020
187.117.153.120,BR,26122020
91.126.233.67,ES,26122020
203.218.197.241,HK,26122020
223.13.31.146,CN,26122020
176.107.199.189,UA,26122020
211.54.187.185,KR,26122020
179.227.201.193,BR,26122020
46.173.86.84,RU,26122020
198.52.180.163,CA,26122020
109.87.18.16,UA,26122020
76.170.210.227,US,26122020
121.143.249.163,KR,26122020
112.197.229.58,VN,26122020
1.36.83.163,HK,26122020
219.77.202.110,HK,26122020
100.64.35.78,,26122020
122.147.17.2,TW,26122020
200.109.30.224,VE,26122020
181.197.0.65,PA,26122020
93.185.218.56,UA,26122020
183.105.162.86,KR,26122020
159.224.72.181,UA,26122020
79.51.67.120,IT,26122020
112.197.111.100,VN,26122020
116.88.6.223,SG,26122020
42.2.29.88,HK,26122020
218.210.38.237,TW,26122020
219.78.66.112,HK,26122020
116.88.17.215,SG,26122020
176.36.64.113,UA,26122020
203.218.94.188,HK,26122020
110.10.242.216,KR,26122020
60.246.94.192,MO,26122020
93.148.160.12,IT,26122020
218.102.156.178,HK,26122020
173.245.203.195,US,26122020
190.202.252.247,VE,26122020
219.79.69.48,HK,26122020
210.99.121.232,KR,26122020
36.231.61.68,TW,26122020
117.146.55.20,CN,26122020
42.3.147.42,HK,26122020
116.48.20.43,HK,26122020
84.202.52.26,NO,26122020
1.175.1.34,TW,26122020
109.105.242.189,CY,26122020
58.153.4.16,HK,26122020
116.49.104.142,HK,26122020
121.137.197.211,KR,26122020
113.255.158.217,HK,26122020
183.162.224.13,CN,26122020
121.188.227.32,KR,26122020
27.109.180.88,MO,26122020
203.218.197.42,HK,26122020
112.120.225.27,HK,26122020
213.64.232.41,SE,26122020
168.70.107.251,HK,26122020
117.146.53.42,CN,26122020
68.175.59.13,US,26122020
130.255.143.52,UA,26122020
89.185.20.15,UA,26122020
112.218.241.210,KR,26122020
119.202.139.200,KR,26122020
173.213.87.213,US,26122020
223.16.39.158,HK,26122020
211.104.182.13,KR,26122020
59.15.92.38,KR,26122020
121.254.78.22,TW,26122020
218.250.67.16,HK,26122020
14.198.75.88,HK,26122020
117.146.55.118,CN,26122020
220.142.95.118,TW,26122020
121.187.168.123,KR,26122020
24.57.92.237,CA,26122020
211.250.111.139,KR,26122020
218.102.217.161,HK,26122020
112.119.8.203,HK,26122020
117.146.55.199,CN,26122020
116.88.77.15,SG,26122020
175.182.134.164,TW,26122020
201.1.105.214,BR,26122020
221.124.209.143,HK,26122020
108.175.128.195,CA,26122020
112.118.190.227,HK,26122020
1.250.244.16,KR,26122020
137.25.43.225,US,26122020
42.2.162.70,HK,26122020
125.142.104.6,KR,26122020
181.160.11.20,CL,26122020
14.37.21.240,KR,26122020
5.105.15.139,UA,26122020
121.254.111.36,TW,26122020
181.226.63.252,CL,26122020
61.223.5.247,TW,26122020
84.216.183.243,SE,26122020
95.71.155.93,RU,26122020
124.109.50.210,PK,26122020
191.22.197.52,BR,26122020
190.218.33.230,PA,26122020
72.12.97.152,CA,26122020
185.6.228.213,RU,26122020
90.224.44.84,SE,26122020
213.251.205.104,UA,26122020
42.2.1.66,HK,26122020
181.163.64.47,CL,26122020
190.140.150.65,PA,26122020
116.49.109.57,HK,26122020
42.3.149.163,HK,26122020
46.173.93.53,RU,26122020
155.4.58.67,SE,26122020
172.103.156.74,CA,26122020
183.232.6.5,CN,26122020
92.55.177.231,KZ,26122020
103.155.93.133,,26122020
112.120.181.246,HK,26122020
61.228.2.229,TW,26122020
188.149.75.76,NO,26122020
83.253.40.196,SE,26122020
95.87.5.116,BG,26122020
121.183.124.193,KR,26122020
223.16.41.8,HK,26122020
219.78.245.245,HK,26122020
42.2.12.80,HK,26122020
123.241.174.161,TW,26122020
113.253.174.121,HK,26122020
112.185.56.73,KR,26122020
152.249.168.151,BR,26122020
58.153.157.77,HK,26122020
178.150.48.29,UA,26122020
175.200.221.132,KR,26122020
223.13.29.163,CN,26122020
64.188.212.102,US,26122020
203.217.113.142,TW,26122020
220.86.254.138,KR,26122020
178.44.223.102,RU,26122020
190.77.69.28,VE,26122020
87.7.107.253,IT,26122020
1.174.134.247,TW,26122020
220.77.202.229,KR,26122020
58.153.77.61,HK,26122020
116.49.238.90,HK,26122020
119.237.150.99,HK,26122020
179.56.70.235,CL,26122020
205.185.125.70,US,26122020
5.248.102.193,UA,26122020
87.123.89.232,DE,26122020
219.78.46.133,HK,26122020
183.162.230.34,CN,26122020
186.94.105.35,VE,26122020
36.236.54.177,TW,26122020
123.205.149.219,TW,26122020
219.77.179.22,HK,26122020
61.74.187.152,KR,26122020
49.175.105.150,KR,26122020
58.152.138.11,HK,26122020
223.18.31.248,HK,26122020
190.218.19.43,PA,26122020
212.86.63.43,DE,26122020
203.218.23.134,HK,26122020
118.174.70.86,TH,26122020
182.155.139.161,TW,26122020
116.48.125.112,HK,26122020
121.167.203.57,KR,26122020
118.166.34.152,TW,26122020
